gene,module,provisional_role,provisional_status,direction_for_rna,notes
NCOA4,F1_Iron,promoter,CORE,1,"Ferritinophagy and labile iron"
TFRC,F1_Iron,promoter,CORE,1,"Iron uptake"
FTH1,F1_Iron,suppressor,EXTENDED,-1,"Iron sequestration"
FTL,F1_Iron,suppressor,EXTENDED,-1,"Iron sequestration"
SLC40A1,F1_Iron,suppressor,EXTENDED,-1,"Iron export"
ACSL4,F2_PUFA_PL,promoter,CORE,1,"PUFA-CoA generation"
LPCAT3,F2_PUFA_PL,promoter,CORE,1,"PUFA incorporation into phospholipids"
POR,F3_Peroxidation,promoter,CORE,1,"Phospholipid peroxidation machinery"
ALOX15,F3_Peroxidation,context_promoter,EXTENDED,1,"Context-dependent lipid oxidation"
SLC7A11,F4_Defense,suppressor,CORE,-1,"System Xc- cystine uptake"
SLC3A2,F4_Defense,suppressor,EXTENDED,-1,"System Xc- partner"
GPX4,F4_Defense,suppressor,CORE,-1,"Major phospholipid hydroperoxide defense"
AIFM2,F4_Defense,suppressor,CORE,-1,"FSP1/CoQ defense"
DHODH,F4_Defense,suppressor,CORE,-1,"Mitochondrial CoQ defense"
GCH1,F4_Defense,suppressor,CORE,-1,"BH4-related defense"
DHFR,F4_Defense,suppressor,EXTENDED,-1,"BH4 regeneration"
HMOX1,F5_Context,context,PENDING,0,"Strong context dependence; may promote or suppress ferroptosis"
NFE2L2,F5_Context,regulator,MECHANISTIC,0,"Broad stress regulator; not a direct ferroptosis state marker"
KEAP1,F5_Context,regulator,MECHANISTIC,0,"Controls NRF2; activity not safely inferred from transcript alone"
SAT1,F5_Context,context_promoter,PENDING,1,"Context-dependent pro-ferroptotic polyamine pathway"
FSP1_ALIAS,F4_Defense,alias,ANNOTATION,0,"Use AIFM2 as official gene symbol; retained only as naming note"
