"stable_gene_id","VST_variance"
"ENSMUSG00000031972",4.53593151339342
"ENSMUSG00000061816",3.017963113591
"ENSMUSG00000050359",3.00258393971083
"ENSMUSG00000030399",2.93430275420965
"ENSMUSG00000057003",2.74411454642257
"ENSMUSG00000052305",2.72933871081063
"ENSMUSG00000015090",2.69064019016253
"ENSMUSG00000061723",2.63042639583256
"ENSMUSG00000061780",2.60190858297749
"ENSMUSG00000069919",2.21842599493416
"ENSMUSG00000030730",1.99642079772305
"ENSMUSG00000073940",1.88629957286743
"ENSMUSG00000027559",1.80835908844524
"ENSMUSG00000031097",1.70188283487106
"ENSMUSG00000062515",1.43836625188326
"ENSMUSG00000051747",1.3583227872355
"ENSMUSG00000069917",1.30328812800526
"ENSMUSG00000026628",1.27209365351162
"ENSMUSG00000031722",1.20088132329099
"ENSMUSG00000024610",1.15962606954829
"ENSMUSG00000030278",1.15542542864422
"ENSMUSG00000029819",1.05270200332678
"ENSMUSG00000056328",0.949374579893316
"ENSMUSG00000031762",0.937974183769429
"ENSMUSG00000025479",0.930301060985966
"ENSMUSG00000006457",0.921697437729684
"ENSMUSG00000027513",0.90088661298804
"ENSMUSG00000002831",0.888239833272058
"ENSMUSG00000036594",0.882179777316875
"ENSMUSG00000073421",0.789350725494797
"ENSMUSG00000068697",0.776977771416481
"ENSMUSG00000022878",0.745349024503394
"ENSMUSG00000006014",0.727082293621126
"ENSMUSG00000034459",0.72583522587627
"ENSMUSG00000019232",0.686931195782215
"ENSMUSG00000076617",0.656827776143516
"ENSMUSG00000031807",0.649881853729013
"ENSMUSG00000030672",0.649113250753487
"ENSMUSG00000026950",0.642626833791635
"ENSMUSG00000056973",0.623298743853261
"ENSMUSG00000060586",0.599470344955924
"ENSMUSG00000038670",0.598799916129429
"ENSMUSG00000020475",0.591614121954293
"ENSMUSG00000035585",0.572124486470599
"ENSMUSG00000028195",0.569327499645276
"ENSMUSG00000007877",0.563117588693212
"ENSMUSG00000038462",0.562285903374307
"ENSMUSG00000015568",0.557399909568545
"ENSMUSG00000060600",0.542490272345653
"ENSMUSG00000024471",0.538662576056344
"ENSMUSG00000024570",0.535577317120381
"ENSMUSG00000048489",0.532184876755083
"ENSMUSG00000041559",0.530327401691079
"ENSMUSG00000038418",0.525037224934343
"ENSMUSG00000019188",0.51327188960053
"ENSMUSG00000049404",0.511643342173496
"ENSMUSG00000030107",0.503744778115762
"ENSMUSG00000021250",0.498677565156759
"ENSMUSG00000012705",0.497952354440338
"ENSMUSG00000037095",0.497118213444944
"ENSMUSG00000021423",0.495372981402746
"ENSMUSG00000066687",0.491785646127743
"ENSMUSG00000035783",0.483486607278436
"ENSMUSG00000031765",0.481630280202571
"ENSMUSG00000036430",0.477865894516786
"ENSMUSG00000060032",0.46128497933452
"ENSMUSG00000019278",0.459343139503776
"ENSMUSG00000054072",0.450003137391035
"ENSMUSG00000021750",0.447035322877
"ENSMUSG00000074896",0.443941758604529
"ENSMUSG00000040055",0.43524103878439
"ENSMUSG00000035559",0.429009297148155
"ENSMUSG00000020484",0.424408420844253
"ENSMUSG00000052468",0.422352907618558
"ENSMUSG00000038393",0.417196232517177
"ENSMUSG00000003269",0.411341399552482
"ENSMUSG00000048482",0.4083138649723
"ENSMUSG00000052974",0.407163815350563
"ENSMUSG00000019890",0.399009626462784
"ENSMUSG00000042816",0.394153727298009
"ENSMUSG00000030224",0.394149255765995
"ENSMUSG00000028270",0.389856285923364
"ENSMUSG00000028128",0.388922768667778
"ENSMUSG00000032484",0.384098441070343
"ENSMUSG00000030785",0.382808880370262
"ENSMUSG00000076609",0.382307510172869
"ENSMUSG00000025270",0.382107664343882
"ENSMUSG00000036814",0.381575319344338
"ENSMUSG00000002944",0.377109538081845
"ENSMUSG00000035692",0.373522621747254
"ENSMUSG00000024011",0.372946748555539
"ENSMUSG00000032648",0.369966233318696
"ENSMUSG00000020932",0.369120361692804
"ENSMUSG00000058626",0.363006587338294
"ENSMUSG00000021622",0.357125584169689
"ENSMUSG00000019787",0.354974438770852
"ENSMUSG00000038007",0.350963030713516
"ENSMUSG00000030218",0.350368776276668
"ENSMUSG00000030898",0.349730637731637
"ENSMUSG00000056054",0.348765094050072
"ENSMUSG00000017344",0.345935170003616
"ENSMUSG00000019874",0.343622908596613
"ENSMUSG00000029815",0.342733441351883
"ENSMUSG00000061650",0.341761696922152
"ENSMUSG00000041774",0.33804090709406
"ENSMUSG00000027075",0.334157908719
"ENSMUSG00000030317",0.333839032313906
"ENSMUSG00000049422",0.333276836103823
"ENSMUSG00000024907",0.330412520750826
"ENSMUSG00000062329",0.315951520482636
"ENSMUSG00000032412",0.314217788256593
"ENSMUSG00000024526",0.313261897297519
"ENSMUSG00000024650",0.313016798317975
"ENSMUSG00000004328",0.312866691444338
"ENSMUSG00000019970",0.31256405982484
"ENSMUSG00000044938",0.304833374666029
"ENSMUSG00000062488",0.302149475971575
"ENSMUSG00000032288",0.299054881523804
"ENSMUSG00000063011",0.298844365018593
"ENSMUSG00000013584",0.296020347835259
"ENSMUSG00000044786",0.295742275882059
"ENSMUSG00000032517",0.29555968219522
"ENSMUSG00000026193",0.294014598212458
"ENSMUSG00000020641",0.291720467881301
"ENSMUSG00000020061",0.288860417850268
"ENSMUSG00000026150",0.288053390411306
"ENSMUSG00000003477",0.28771331207792
"ENSMUSG00000063796",0.286191328792975
"ENSMUSG00000037266",0.285815881183716
"ENSMUSG00000058620",0.284231882383605
"ENSMUSG00000063632",0.283921606124961
"ENSMUSG00000025498",0.283206738441229
"ENSMUSG00000006221",0.283148184381071
"ENSMUSG00000075227",0.281813357353936
"ENSMUSG00000031710",0.281072194457733
"ENSMUSG00000024990",0.28103373414967
"ENSMUSG00000022602",0.28077272207506
"ENSMUSG00000024659",0.280681877270561
"ENSMUSG00000033196",0.28063119416177
"ENSMUSG00000019577",0.279566397018959
"ENSMUSG00000052684",0.276729118143041
"ENSMUSG00000026822",0.275789268756488
"ENSMUSG00000001930",0.274887042333325
"ENSMUSG00000001506",0.274558607946945
"ENSMUSG00000044258",0.272248289438382
"ENSMUSG00000037031",0.271949730402236
"ENSMUSG00000022176",0.269979402686386
"ENSMUSG00000021319",0.266450711501043
"ENSMUSG00000021903",0.26563005591773
"ENSMUSG00000042558",0.265223603289725
"ENSMUSG00000056071",0.265041061711835
"ENSMUSG00000020894",0.264434934570134
"ENSMUSG00000000938",0.261433399121933
"ENSMUSG00000023067",0.260984034917559
"ENSMUSG00000075467",0.259560667924424
"ENSMUSG00000048583",0.258458967337333
"ENSMUSG00000048373",0.257844725254102
"ENSMUSG00000029843",0.257056317322202
"ENSMUSG00000026051",0.253865499013914
"ENSMUSG00000003526",0.251974566502694
"ENSMUSG00000035385",0.251558592234121
"ENSMUSG00000021025",0.248352019575102
"ENSMUSG00000004730",0.245844509331713
"ENSMUSG00000024425",0.245334937052936
"ENSMUSG00000000214",0.244214217680263
"ENSMUSG00000025488",0.244060474168558
"ENSMUSG00000044405",0.24210180182922
"ENSMUSG00000070436",0.23880481222234
"ENSMUSG00000009394",0.238780623745635
"ENSMUSG00000096719",0.236669264894651
"ENSMUSG00000018893",0.236464552492582
"ENSMUSG00000095098",0.236110288830792
"ENSMUSG00000030087",0.23510270651447
"ENSMUSG00000060860",0.232817780902786
"ENSMUSG00000051355",0.232246419463191
"ENSMUSG00000021702",0.232100652929822
"ENSMUSG00000028268",0.231273095700771
"ENSMUSG00000033220",0.230201664586369
"ENSMUSG00000033287",0.230195357554496
"ENSMUSG00000037625",0.229757295576389
"ENSMUSG00000010122",0.229538669423485
"ENSMUSG00000028464",0.22857696672707
"ENSMUSG00000003657",0.228327854617245
"ENSMUSG00000005628",0.228022699610118
"ENSMUSG00000061740",0.227996998192047
"ENSMUSG00000054342",0.227713230432253
"ENSMUSG00000020477",0.227179927242499
"ENSMUSG00000040016",0.226820526649922
"ENSMUSG00000041801",0.22380972030324
"ENSMUSG00000038227",0.221127979333466
"ENSMUSG00000051985",0.220264455167936
"ENSMUSG00000025316",0.21942020385138
"ENSMUSG00000037254",0.218980146102957
"ENSMUSG00000019997",0.218858133948071
"ENSMUSG00000032263",0.217800860744041
"ENSMUSG00000031367",0.217726394342898
"ENSMUSG00000022484",0.216164820897154
"ENSMUSG00000029581",0.21511771607932
"ENSMUSG00000046718",0.21423463299879
"ENSMUSG00000098973",0.214037157893717
"ENSMUSG00000036138",0.211812882987231
"ENSMUSG00000028037",0.210234064395391
"ENSMUSG00000026247",0.209969807536442
"ENSMUSG00000038352",0.209708177095124
"ENSMUSG00000028989",0.209296863249787
"ENSMUSG00000044951",0.209187270989938
"ENSMUSG00000040170",0.208616938091909
"ENSMUSG00000027022",0.208376637056297
"ENSMUSG00000026208",0.2082836873714
"ENSMUSG00000024222",0.207752970173134
"ENSMUSG00000030717",0.207521050265499
"ENSMUSG00000078921",0.207211100249847
"ENSMUSG00000020473",0.20693010063745
"ENSMUSG00000079017",0.206641228763371
"ENSMUSG00000079362",0.206151918845758
"ENSMUSG00000026989",0.205808296795666
"ENSMUSG00000035000",0.204937523862346
"ENSMUSG00000004105",0.204844326963742
"ENSMUSG00000035686",0.204296988834728
"ENSMUSG00000062866",0.204182300243031
"ENSMUSG00000031170",0.203722362754771
"ENSMUSG00000076434",0.203299258087677
"ENSMUSG00000033355",0.203263200423042
"ENSMUSG00000001473",0.203099038232229
"ENSMUSG00000030790",0.202577037210222
"ENSMUSG00000026956",0.202029743524034
"ENSMUSG00000020717",0.202022812082821
"ENSMUSG00000015852",0.201258518675695
"ENSMUSG00000007122",0.20037240182939
"ENSMUSG00000017300",0.200097259043586
"ENSMUSG00000026270",0.200053328617383
"ENSMUSG00000018830",0.199504082754643
"ENSMUSG00000021460",0.199000424007805
"ENSMUSG00000018927",0.198579555946298
"ENSMUSG00000032496",0.198509615124575
"ENSMUSG00000032388",0.198411448639189
"ENSMUSG00000078920",0.197741335483908
"ENSMUSG00000045193",0.19735154158111
"ENSMUSG00000022548",0.197205766958078
"ENSMUSG00000042436",0.197093514208777
"ENSMUSG00000032085",0.195754407660339
"ENSMUSG00000054204",0.19407289500342
"ENSMUSG00000091694",0.193778868278723
"ENSMUSG00000031465",0.193203110906134
"ENSMUSG00000016024",0.192471857827286
"ENSMUSG00000101389",0.192183572712614
"ENSMUSG00000024576",0.19164676611188
"ENSMUSG00000021453",0.191088526261448
"ENSMUSG00000029657",0.186791121469225
"ENSMUSG00000037060",0.183895579647194
"ENSMUSG00000027962",0.183518270785839
"ENSMUSG00000050248",0.182742001441215
"ENSMUSG00000053560",0.182727028761857
"ENSMUSG00000044068",0.181074615422003
"ENSMUSG00000048572",0.180043067942497
"ENSMUSG00000024529",0.179928854176161
"ENSMUSG00000001366",0.17863451670492
"ENSMUSG00000042485",0.17812670858257
"ENSMUSG00000011096",0.177803187489091
"ENSMUSG00000026365",0.177640596117945
"ENSMUSG00000027099",0.175777505254299
"ENSMUSG00000020108",0.175526934509594
"ENSMUSG00000059430",0.175359814924604
"ENSMUSG00000004939",0.174783249298137
"ENSMUSG00000021994",0.174137056089993
"ENSMUSG00000031849",0.174025869043743
"ENSMUSG00000034855",0.173251436648967
"ENSMUSG00000079339",0.172626545596533
"ENSMUSG00000036446",0.172228148541314
"ENSMUSG00000022385",0.172098347417094
"ENSMUSG00000073125",0.17176748869375
"ENSMUSG00000000386",0.171461256487397
"ENSMUSG00000028148",0.170984938919849
"ENSMUSG00000039450",0.169893833630824
"ENSMUSG00000030108",0.169151205750688
"ENSMUSG00000006395",0.168908811501667
"ENSMUSG00000001349",0.168506025788677
"ENSMUSG00000024349",0.168277178922456
"ENSMUSG00000026043",0.166403848842248
"ENSMUSG00000039194",0.166104406307864
"ENSMUSG00000101780",0.165516639710121
"ENSMUSG00000063415",0.165490067569981
"ENSMUSG00000028743",0.1654106463716
"ENSMUSG00000069792",0.164434658089408
"ENSMUSG00000082292",0.164241113213528
"ENSMUSG00000027656",0.163048886513492
"ENSMUSG00000000318",0.162488053194142
"ENSMUSG00000021388",0.162207467022672
"ENSMUSG00000070550",0.161896103113112
"ENSMUSG00000023046",0.161010378181286
"ENSMUSG00000033825",0.160007825443887
"ENSMUSG00000063594",0.159623248489364
"ENSMUSG00000052336",0.159509503350395
"ENSMUSG00000056069",0.159170506229056
"ENSMUSG00000036437",0.158753531845998
"ENSMUSG00000051379",0.158690909224856
"ENSMUSG00000020396",0.158412326545442
"ENSMUSG00000068735",0.158189119499913
"ENSMUSG00000046223",0.157901128887644
"ENSMUSG00000024397",0.156227598648156
"ENSMUSG00000032898",0.155305919435304
"ENSMUSG00000037003",0.154478290595725
"ENSMUSG00000046879",0.154294450860163
"ENSMUSG00000014599",0.154156972060676
"ENSMUSG00000067653",0.154019064552203
"ENSMUSG00000045733",0.153850923570199
"ENSMUSG00000032563",0.152952196123287
"ENSMUSG00000004892",0.1526619593393
"ENSMUSG00000022044",0.152507082454937
"ENSMUSG00000022512",0.151938509514118
"ENSMUSG00000003581",0.151923618537033
"ENSMUSG00000030780",0.151301014360971
"ENSMUSG00000098021",0.151225692327789
"ENSMUSG00000000682",0.150773341874541
"ENSMUSG00000023908",0.150590778947666
"ENSMUSG00000023905",0.150446775145585
"ENSMUSG00000050335",0.14989115825411
"ENSMUSG00000061028",0.149564546489186
"ENSMUSG00000030711",0.149386613594229
"ENSMUSG00000052374",0.149351846662987
"ENSMUSG00000079018",0.148909662410571
"ENSMUSG00000039109",0.148479927515384
"ENSMUSG00000004044",0.147420438748365
"ENSMUSG00000045954",0.147414282105295
"ENSMUSG00000022043",0.147197591545954
"ENSMUSG00000034118",0.146635067739648
"ENSMUSG00000025492",0.14595275399263
"ENSMUSG00000048424",0.145752683281648
"ENSMUSG00000022122",0.145621441725493
"ENSMUSG00000022766",0.145156557216832
"ENSMUSG00000063683",0.145151445129135
"ENSMUSG00000037868",0.144814527299503
"ENSMUSG00000001131",0.144179297354115
"ENSMUSG00000030592",0.143835149460216
"ENSMUSG00000009876",0.143787888968277
"ENSMUSG00000023143",0.143602887474436
"ENSMUSG00000028041",0.143366433024812
"ENSMUSG00000035699",0.142969715022415
"ENSMUSG00000030272",0.141509722200346
"ENSMUSG00000070385",0.141393562228203
"ENSMUSG00000031431",0.141102932771781
"ENSMUSG00000018566",0.141041415010693
"ENSMUSG00000099560",0.140845325743293
"ENSMUSG00000014361",0.139760473609836
"ENSMUSG00000038059",0.139662062469439
"ENSMUSG00000018102",0.138656834631412
"ENSMUSG00000039084",0.137571095678074
"ENSMUSG00000066279",0.137520157154476
"ENSMUSG00000027488",0.137466706202926
"ENSMUSG00000021367",0.136883088828433
"ENSMUSG00000032327",0.136711637896965
"ENSMUSG00000035949",0.136293265964389
"ENSMUSG00000047419",0.136046752348525
"ENSMUSG00000087090",0.136034467842636
"ENSMUSG00000022651",0.136007784172302
"ENSMUSG00000042745",0.135495062051461
"ENSMUSG00000036620",0.135456951642446
"ENSMUSG00000029561",0.135322090637973
"ENSMUSG00000022032",0.134528547322721
"ENSMUSG00000000031",0.134447982763752
"ENSMUSG00000028427",0.133062286318657
"ENSMUSG00000029500",0.13270368394601
"ENSMUSG00000024039",0.13247447284394
"ENSMUSG00000039994",0.13189186563804
"ENSMUSG00000002968",0.131583748998114
"ENSMUSG00000043924",0.131371884142947
"ENSMUSG00000020592",0.131363224610496
"ENSMUSG00000001348",0.130872451799059
"ENSMUSG00000061100",0.130161675528496
"ENSMUSG00000053310",0.130136912609897
"ENSMUSG00000041679",0.129807814808191
"ENSMUSG00000029675",0.129466490527837
"ENSMUSG00000030247",0.129465021303352
"ENSMUSG00000078706",0.129447305531793
"ENSMUSG00000038416",0.129057375124933
"ENSMUSG00000042659",0.128689380995995
"ENSMUSG00000050914",0.128640788590277
"ENSMUSG00000002910",0.128372197018203
"ENSMUSG00000049115",0.128126817707828
"ENSMUSG00000038357",0.127720928090469
"ENSMUSG00000030413",0.127708204246552
"ENSMUSG00000029777",0.127416230086004
"ENSMUSG00000027470",0.127045265425668
"ENSMUSG00000039195",0.126854899841925
"ENSMUSG00000032092",0.126795758571944
"ENSMUSG00000027854",0.126665005139562
"ENSMUSG00000024164",0.126443825006731
"ENSMUSG00000035486",0.125768501756992
"ENSMUSG00000031636",0.125673988306824
"ENSMUSG00000045930",0.12556523436973
"ENSMUSG00000031575",0.1250837346354
"ENSMUSG00000030351",0.12398640275251
"ENSMUSG00000007050",0.123923090425885
"ENSMUSG00000020869",0.123683059908122
"ENSMUSG00000031962",0.123562596879855
"ENSMUSG00000017390",0.123508479820192
"ENSMUSG00000097559",0.123380269853483
"ENSMUSG00000067786",0.12319004077424
"ENSMUSG00000046688",0.122972947207379
"ENSMUSG00000033917",0.122343370573865
"ENSMUSG00000037321",0.122098696112054
"ENSMUSG00000021130",0.122051124057657
"ENSMUSG00000042675",0.122040446138427
"ENSMUSG00000025473",0.121707532553707
"ENSMUSG00000026278",0.121277880017658
"ENSMUSG00000021868",0.121010584701777
"ENSMUSG00000022209",0.120648690582744
"ENSMUSG00000017723",0.120522542746327
"ENSMUSG00000030677",0.12026691238937
"ENSMUSG00000039257",0.120239440129665
"ENSMUSG00000015994",0.119308664977875
"ENSMUSG00000022054",0.119200407307757
"ENSMUSG00000019261",0.11905778194144
"ENSMUSG00000003528",0.118895646359068
"ENSMUSG00000021950",0.118889251131103
"ENSMUSG00000039405",0.11876076213152
"ENSMUSG00000006574",0.118705176557088
"ENSMUSG00000023336",0.118670378147895
"ENSMUSG00000044734",0.118669228583669
"ENSMUSG00000003123",0.117911493912488
"ENSMUSG00000047264",0.116853838056608
"ENSMUSG00000037428",0.116429812710606
"ENSMUSG00000025348",0.11620250998082
"ENSMUSG00000025401",0.116183641554568
"ENSMUSG00000020911",0.116080647303358
"ENSMUSG00000073555",0.116064064572636
"ENSMUSG00000031772",0.115931291356334
"ENSMUSG00000100665",0.115764073077443
"ENSMUSG00000030357",0.115711788316225
"ENSMUSG00000026796",0.115372687631338
"ENSMUSG00000027313",0.114992292818329
"ENSMUSG00000063727",0.11465814193732
"ENSMUSG00000027198",0.114287215418744
"ENSMUSG00000021259",0.114258957260609
"ENSMUSG00000028339",0.113866419108321
"ENSMUSG00000038332",0.11370194786481
"ENSMUSG00000034226",0.113155365169141
"ENSMUSG00000074207",0.112907686223086
"ENSMUSG00000028494",0.112848341748447
"ENSMUSG00000028996",0.112613874454464
"ENSMUSG00000026879",0.111908452734134
"ENSMUSG00000029683",0.111872962522249
"ENSMUSG00000021974",0.11181525163318
"ENSMUSG00000001119",0.111571930538195
"ENSMUSG00000042116",0.111365710931403
"ENSMUSG00000031461",0.111245188739986
"ENSMUSG00000038239",0.111164133128887
"ENSMUSG00000037206",0.110936226595433
"ENSMUSG00000029484",0.110932592997477
"ENSMUSG00000034353",0.11068980374182
"ENSMUSG00000024681",0.110631366346772
"ENSMUSG00000005716",0.110561388712255
"ENSMUSG00000095079",0.11040746517271
"ENSMUSG00000037405",0.110234964262965
"ENSMUSG00000030921",0.110153621571101
"ENSMUSG00000076613",0.110066637197529
"ENSMUSG00000020838",0.109781672632312
"ENSMUSG00000027188",0.109492527860897
"ENSMUSG00000020722",0.109440288591071
"ENSMUSG00000066477",0.109387052301119
"ENSMUSG00000015467",0.109380108728377
"ENSMUSG00000022025",0.109350193599953
"ENSMUSG00000044952",0.109230618806429
"ENSMUSG00000058715",0.109150611439745
"ENSMUSG00000033860",0.109121774273359
"ENSMUSG00000086411",0.109107739389253
"ENSMUSG00000001627",0.109031205239379
"ENSMUSG00000040452",0.109001497977325
"ENSMUSG00000036390",0.108984551191285
"ENSMUSG00000028459",0.108925160024181
"ENSMUSG00000027556",0.108888537300214
"ENSMUSG00000028834",0.108772186923971
"ENSMUSG00000026455",0.108585936187263
"ENSMUSG00000026023",0.108453090299618
"ENSMUSG00000051439",0.108429959969089
"ENSMUSG00000029014",0.108375536576982
"ENSMUSG00000058153",0.10821444245878
"ENSMUSG00000029718",0.108190795051647
"ENSMUSG00000040809",0.108185569290643
"ENSMUSG00000020689",0.108052722622517
"ENSMUSG00000020884",0.108016566621492
"ENSMUSG00000027654",0.107782008691439
"ENSMUSG00000079547",0.107543216859601
"ENSMUSG00000031375",0.107527583183276
"ENSMUSG00000032289",0.107269558161217
"ENSMUSG00000049932",0.107165975877855
"ENSMUSG00000026547",0.107029591704576
"ENSMUSG00000031828",0.106934302863994
"ENSMUSG00000069874",0.10645787652812
"ENSMUSG00000017969",0.106270001923236
"ENSMUSG00000041577",0.106256986620357
"ENSMUSG00000038546",0.106247555573105
"ENSMUSG00000039958",0.106153327843373
"ENSMUSG00000006575",0.106016630066739
"ENSMUSG00000072849",0.105802355658674
"ENSMUSG00000024066",0.105788386696715
"ENSMUSG00000022595",0.105731604935282
"ENSMUSG00000069049",0.105718764334695
"ENSMUSG00000093973",0.10541340039947
"ENSMUSG00000045932",0.105186380834526
