"sample_id","condition","PC1","PC2"
"DRG_control_rep5","control",-3.60087042853421,-6.29391935162289
"DRG_10mg_rep5","oxaliplatin",10.4704458824682,1.26789187605534
"DRG_control_rep4","control",-9.29935866354051,-1.02967573550105
"DRG_10mg_rep4","oxaliplatin",7.80624960836303,2.06271436516633
"DRG_control_rep3","control",-2.73937950390176,-3.07548382659267
"DRG_10mg_rep3","oxaliplatin",8.02725195513778,-2.77786154499247
"DRG_control_rep2","control",-5.32844557508999,0.593468834898925
"DRG_10mg_rep2","oxaliplatin",5.61389313124287,-5.97282639421137
"DRG_control_rep1","control",-9.86606684262297,-0.620650034163062
"DRG_10mg_rep1","oxaliplatin",-1.08371956352251,15.8463418109629
