"step_id","object_level","object_id","status","reason_code","reason_text","input_source","input_checksum","protocol_version"
"01","sample","GSM8726290","held","QC_REVIEW_PENDING","Plots generated; metadata/inclusion review pending","sample_manifest.csv","c458c10eec194da8c5bcde00a795aba5c2897621c93be9264c328c5d31adf613","0.1.0"
"01","sample","GSM8726285","held","QC_REVIEW_PENDING","Plots generated; metadata/inclusion review pending","sample_manifest.csv","c458c10eec194da8c5bcde00a795aba5c2897621c93be9264c328c5d31adf613","0.1.0"
"01","sample","GSM8726289","held","QC_REVIEW_PENDING","Plots generated; metadata/inclusion review pending","sample_manifest.csv","c458c10eec194da8c5bcde00a795aba5c2897621c93be9264c328c5d31adf613","0.1.0"
"01","sample","GSM8726284","held","QC_REVIEW_PENDING","Plots generated; metadata/inclusion review pending","sample_manifest.csv","c458c10eec194da8c5bcde00a795aba5c2897621c93be9264c328c5d31adf613","0.1.0"
"01","sample","GSM8726288","held","QC_REVIEW_PENDING","Plots generated; metadata/inclusion review pending","sample_manifest.csv","c458c10eec194da8c5bcde00a795aba5c2897621c93be9264c328c5d31adf613","0.1.0"
"01","sample","GSM8726283","held","QC_REVIEW_PENDING","Plots generated; metadata/inclusion review pending","sample_manifest.csv","c458c10eec194da8c5bcde00a795aba5c2897621c93be9264c328c5d31adf613","0.1.0"
"01","sample","GSM8726287","held","QC_REVIEW_PENDING","Plots generated; metadata/inclusion review pending","sample_manifest.csv","c458c10eec194da8c5bcde00a795aba5c2897621c93be9264c328c5d31adf613","0.1.0"
"01","sample","GSM8726282","held","QC_REVIEW_PENDING","Plots generated; metadata/inclusion review pending","sample_manifest.csv","c458c10eec194da8c5bcde00a795aba5c2897621c93be9264c328c5d31adf613","0.1.0"
"01","sample","GSM8726286","held","QC_REVIEW_PENDING","Plots generated; metadata/inclusion review pending","sample_manifest.csv","c458c10eec194da8c5bcde00a795aba5c2897621c93be9264c328c5d31adf613","0.1.0"
"01","sample","GSM8726281","held","QC_REVIEW_PENDING","Plots generated; metadata/inclusion review pending","sample_manifest.csv","c458c10eec194da8c5bcde00a795aba5c2897621c93be9264c328c5d31adf613","0.1.0"
