stable_gene_id,retained_source_row,duplicate_source_row,action
ENSMUSG00000000562,99,100,keep_one_identical_count_vector
ENSMUSG00000002250,400,401,keep_one_identical_count_vector
ENSMUSG00000004455,713,714,keep_one_identical_count_vector
ENSMUSG00000015290,1583,1584,keep_one_identical_count_vector
ENSMUSG00000018378,1920,1921,keep_one_identical_count_vector
ENSMUSG00000019857,2189,2190,keep_one_identical_count_vector
ENSMUSG00000019865,2194,2195,keep_one_identical_count_vector
ENSMUSG00000022426,3678,3679,keep_one_identical_count_vector
ENSMUSG00000022500,3729,3730,keep_one_identical_count_vector
ENSMUSG00000022820,3922,3923,keep_one_identical_count_vector
ENSMUSG00000022820,3922,3924,keep_one_identical_count_vector
ENSMUSG00000023156,4093,4094,keep_one_identical_count_vector
ENSMUSG00000027679,6272,6273,keep_one_identical_count_vector
ENSMUSG00000027942,6408,6409,keep_one_identical_count_vector
ENSMUSG00000028495,6735,6736,keep_one_identical_count_vector
ENSMUSG00000029089,7102,7103,keep_one_identical_count_vector
ENSMUSG00000029390,7288,7289,keep_one_identical_count_vector
ENSMUSG00000030930,8120,8121,keep_one_identical_count_vector
ENSMUSG00000032750,9143,9144,keep_one_identical_count_vector
ENSMUSG00000038209,11046,11047,keep_one_identical_count_vector
ENSMUSG00000038244,11066,11067,keep_one_identical_count_vector
ENSMUSG00000039997,11763,11764,keep_one_identical_count_vector
ENSMUSG00000040195,11836,11837,keep_one_identical_count_vector
ENSMUSG00000041831,12404,12405,keep_one_identical_count_vector
ENSMUSG00000041841,12409,12410,keep_one_identical_count_vector
ENSMUSG00000042808,12741,12742,keep_one_identical_count_vector
ENSMUSG00000044783,13272,13273,keep_one_identical_count_vector
ENSMUSG00000045106,13369,13370,keep_one_identical_count_vector
ENSMUSG00000046262,13685,13686,keep_one_identical_count_vector
ENSMUSG00000047675,14085,14086,keep_one_identical_count_vector
ENSMUSG00000049864,14671,14672,keep_one_identical_count_vector
ENSMUSG00000050766,14908,14909,keep_one_identical_count_vector
ENSMUSG00000052305,15294,15295,keep_one_identical_count_vector
ENSMUSG00000052749,15395,15396,keep_one_identical_count_vector
ENSMUSG00000053961,15655,15656,keep_one_identical_count_vector
ENSMUSG00000054128,15696,15697,keep_one_identical_count_vector
ENSMUSG00000056116,16125,16126,keep_one_identical_count_vector
ENSMUSG00000056457,16201,16202,keep_one_identical_count_vector
ENSMUSG00000057021,16325,16326,keep_one_identical_count_vector
ENSMUSG00000057666,16466,16467,keep_one_identical_count_vector
ENSMUSG00000059657,16906,16907,keep_one_identical_count_vector
ENSMUSG00000060550,17109,17110,keep_one_identical_count_vector
ENSMUSG00000060565,17113,17114,keep_one_identical_count_vector
ENSMUSG00000060685,17141,17142,keep_one_identical_count_vector
ENSMUSG00000062006,17410,17411,keep_one_identical_count_vector
ENSMUSG00000062037,17419,17420,keep_one_identical_count_vector
ENSMUSG00000062270,17485,17486,keep_one_identical_count_vector
ENSMUSG00000062783,17606,17607,keep_one_identical_count_vector
ENSMUSG00000063137,17679,17680,keep_one_identical_count_vector
ENSMUSG00000063316,17724,17725,keep_one_identical_count_vector
ENSMUSG00000063480,17761,17762,keep_one_identical_count_vector
ENSMUSG00000066000,18964,18965,keep_one_identical_count_vector
ENSMUSG00000066551,19076,19077,keep_one_identical_count_vector
ENSMUSG00000067561,19257,19258,keep_one_identical_count_vector
ENSMUSG00000067909,19325,19326,keep_one_identical_count_vector
ENSMUSG00000067909,19325,19327,keep_one_identical_count_vector
ENSMUSG00000067909,19325,19328,keep_one_identical_count_vector
ENSMUSG00000068071,19358,19359,keep_one_identical_count_vector
ENSMUSG00000068071,19358,19360,keep_one_identical_count_vector
ENSMUSG00000070645,19907,19908,keep_one_identical_count_vector
ENSMUSG00000071415,20101,20102,keep_one_identical_count_vector
ENSMUSG00000071415,20101,20103,keep_one_identical_count_vector
ENSMUSG00000072694,20314,20315,keep_one_identical_count_vector
ENSMUSG00000073077,20423,20424,keep_one_identical_count_vector
ENSMUSG00000073245,20466,20467,keep_one_identical_count_vector
ENSMUSG00000073247,20468,20469,keep_one_identical_count_vector
ENSMUSG00000073295,20478,20479,keep_one_identical_count_vector
ENSMUSG00000073888,20654,20655,keep_one_identical_count_vector
ENSMUSG00000074011,20738,20739,keep_one_identical_count_vector
ENSMUSG00000074141,20775,20776,keep_one_identical_count_vector
ENSMUSG00000074417,20878,20879,keep_one_identical_count_vector
ENSMUSG00000074417,20878,20880,keep_one_identical_count_vector
ENSMUSG00000078452,22483,22484,keep_one_identical_count_vector
ENSMUSG00000078452,22483,22485,keep_one_identical_count_vector
ENSMUSG00000078452,22483,22486,keep_one_identical_count_vector
ENSMUSG00000078485,22490,22491,keep_one_identical_count_vector
ENSMUSG00000078673,22585,22586,keep_one_identical_count_vector
ENSMUSG00000078674,22587,22588,keep_one_identical_count_vector
ENSMUSG00000078675,22589,22590,keep_one_identical_count_vector
ENSMUSG00000078688,22600,22601,keep_one_identical_count_vector
ENSMUSG00000078713,22608,22609,keep_one_identical_count_vector
ENSMUSG00000078746,22617,22618,keep_one_identical_count_vector
ENSMUSG00000078746,22617,22619,keep_one_identical_count_vector
ENSMUSG00000078746,22617,22620,keep_one_identical_count_vector
ENSMUSG00000078878,22675,22676,keep_one_identical_count_vector
ENSMUSG00000078899,22689,22690,keep_one_identical_count_vector
ENSMUSG00000078905,22694,22695,keep_one_identical_count_vector
ENSMUSG00000078941,22717,22718,keep_one_identical_count_vector
ENSMUSG00000079033,22766,22767,keep_one_identical_count_vector
ENSMUSG00000079036,22769,22770,keep_one_identical_count_vector
ENSMUSG00000079058,22784,22785,keep_one_identical_count_vector
ENSMUSG00000079271,22864,22865,keep_one_identical_count_vector
ENSMUSG00000079407,22918,22919,keep_one_identical_count_vector
ENSMUSG00000079566,23007,23008,keep_one_identical_count_vector
ENSMUSG00000079566,23007,23009,keep_one_identical_count_vector
ENSMUSG00000079566,23007,23010,keep_one_identical_count_vector
ENSMUSG00000079566,23007,23011,keep_one_identical_count_vector
ENSMUSG00000079566,23007,23012,keep_one_identical_count_vector
ENSMUSG00000079566,23007,23013,keep_one_identical_count_vector
ENSMUSG00000079566,23007,23014,keep_one_identical_count_vector
ENSMUSG00000079707,23081,23082,keep_one_identical_count_vector
ENSMUSG00000079707,23081,23083,keep_one_identical_count_vector
ENSMUSG00000079774,23092,23093,keep_one_identical_count_vector
ENSMUSG00000079774,23092,23094,keep_one_identical_count_vector
ENSMUSG00000079774,23092,23095,keep_one_identical_count_vector
ENSMUSG00000079852,23103,23104,keep_one_identical_count_vector
ENSMUSG00000087408,28978,28979,keep_one_identical_count_vector
ENSMUSG00000089859,30847,30848,keep_one_identical_count_vector
ENSMUSG00000090440,31208,31209,keep_one_identical_count_vector
ENSMUSG00000091938,31877,31878,keep_one_identical_count_vector
ENSMUSG00000091938,31877,31879,keep_one_identical_count_vector
ENSMUSG00000091938,31877,31880,keep_one_identical_count_vector
ENSMUSG00000091938,31877,31881,keep_one_identical_count_vector
ENSMUSG00000091938,31877,31882,keep_one_identical_count_vector
ENSMUSG00000092166,31975,31976,keep_one_identical_count_vector
ENSMUSG00000092166,31975,31977,keep_one_identical_count_vector
ENSMUSG00000092166,31975,31978,keep_one_identical_count_vector
ENSMUSG00000092335,32108,32109,keep_one_identical_count_vector
ENSMUSG00000092456,32203,32204,keep_one_identical_count_vector
ENSMUSG00000093803,33068,33069,keep_one_identical_count_vector
ENSMUSG00000093803,33068,33070,keep_one_identical_count_vector
ENSMUSG00000093868,33119,33120,keep_one_identical_count_vector
ENSMUSG00000093868,33119,33121,keep_one_identical_count_vector
ENSMUSG00000093868,33119,33122,keep_one_identical_count_vector
ENSMUSG00000093868,33119,33123,keep_one_identical_count_vector
ENSMUSG00000093868,33119,33124,keep_one_identical_count_vector
ENSMUSG00000093868,33119,33125,keep_one_identical_count_vector
ENSMUSG00000093868,33119,33126,keep_one_identical_count_vector
ENSMUSG00000093868,33119,33127,keep_one_identical_count_vector
ENSMUSG00000093868,33119,33128,keep_one_identical_count_vector
ENSMUSG00000093868,33119,33129,keep_one_identical_count_vector
ENSMUSG00000093868,33119,33130,keep_one_identical_count_vector
ENSMUSG00000093868,33119,33131,keep_one_identical_count_vector
ENSMUSG00000093868,33119,33132,keep_one_identical_count_vector
ENSMUSG00000093868,33119,33133,keep_one_identical_count_vector
ENSMUSG00000093868,33119,33134,keep_one_identical_count_vector
ENSMUSG00000093868,33119,33135,keep_one_identical_count_vector
ENSMUSG00000093868,33119,33136,keep_one_identical_count_vector
ENSMUSG00000093868,33119,33137,keep_one_identical_count_vector
ENSMUSG00000093903,33168,33169,keep_one_identical_count_vector
ENSMUSG00000093950,33213,33214,keep_one_identical_count_vector
ENSMUSG00000093950,33213,33215,keep_one_identical_count_vector
ENSMUSG00000093993,33254,33255,keep_one_identical_count_vector
ENSMUSG00000094052,33305,33306,keep_one_identical_count_vector
ENSMUSG00000094107,33349,33350,keep_one_identical_count_vector
ENSMUSG00000094116,33357,33358,keep_one_identical_count_vector
ENSMUSG00000094294,33511,33512,keep_one_identical_count_vector
ENSMUSG00000094294,33511,33513,keep_one_identical_count_vector
ENSMUSG00000094294,33511,33514,keep_one_identical_count_vector
ENSMUSG00000094325,33540,33541,keep_one_identical_count_vector
ENSMUSG00000094383,33585,33586,keep_one_identical_count_vector
ENSMUSG00000094383,33585,33587,keep_one_identical_count_vector
ENSMUSG00000094383,33585,33588,keep_one_identical_count_vector
ENSMUSG00000094399,33599,33600,keep_one_identical_count_vector
ENSMUSG00000094570,33746,33747,keep_one_identical_count_vector
ENSMUSG00000094575,33752,33753,keep_one_identical_count_vector
ENSMUSG00000094577,33755,33756,keep_one_identical_count_vector
ENSMUSG00000094577,33755,33757,keep_one_identical_count_vector
ENSMUSG00000094616,33790,33791,keep_one_identical_count_vector
ENSMUSG00000094616,33790,33792,keep_one_identical_count_vector
ENSMUSG00000094647,33816,33817,keep_one_identical_count_vector
ENSMUSG00000094647,33816,33818,keep_one_identical_count_vector
ENSMUSG00000094714,33878,33879,keep_one_identical_count_vector
ENSMUSG00000094714,33878,33880,keep_one_identical_count_vector
ENSMUSG00000094714,33878,33881,keep_one_identical_count_vector
ENSMUSG00000094714,33878,33882,keep_one_identical_count_vector
ENSMUSG00000094724,33891,33892,keep_one_identical_count_vector
ENSMUSG00000094729,33897,33898,keep_one_identical_count_vector
ENSMUSG00000094729,33897,33899,keep_one_identical_count_vector
ENSMUSG00000094729,33897,33900,keep_one_identical_count_vector
ENSMUSG00000094739,33909,33910,keep_one_identical_count_vector
ENSMUSG00000094739,33909,33911,keep_one_identical_count_vector
ENSMUSG00000094739,33909,33912,keep_one_identical_count_vector
ENSMUSG00000094739,33909,33913,keep_one_identical_count_vector
ENSMUSG00000094739,33909,33914,keep_one_identical_count_vector
ENSMUSG00000094739,33909,33915,keep_one_identical_count_vector
ENSMUSG00000094739,33909,33916,keep_one_identical_count_vector
ENSMUSG00000094739,33909,33917,keep_one_identical_count_vector
ENSMUSG00000094739,33909,33918,keep_one_identical_count_vector
ENSMUSG00000094739,33909,33919,keep_one_identical_count_vector
ENSMUSG00000094739,33909,33920,keep_one_identical_count_vector
ENSMUSG00000094739,33909,33921,keep_one_identical_count_vector
ENSMUSG00000094739,33909,33922,keep_one_identical_count_vector
ENSMUSG00000094739,33909,33923,keep_one_identical_count_vector
ENSMUSG00000094739,33909,33924,keep_one_identical_count_vector
ENSMUSG00000094739,33909,33925,keep_one_identical_count_vector
ENSMUSG00000094739,33909,33926,keep_one_identical_count_vector
ENSMUSG00000094739,33909,33927,keep_one_identical_count_vector
ENSMUSG00000094739,33909,33928,keep_one_identical_count_vector
ENSMUSG00000094739,33909,33929,keep_one_identical_count_vector
ENSMUSG00000094739,33909,33930,keep_one_identical_count_vector
ENSMUSG00000094739,33909,33931,keep_one_identical_count_vector
ENSMUSG00000094739,33909,33932,keep_one_identical_count_vector
ENSMUSG00000094746,33936,33937,keep_one_identical_count_vector
ENSMUSG00000094802,33981,33982,keep_one_identical_count_vector
ENSMUSG00000094802,33981,33983,keep_one_identical_count_vector
ENSMUSG00000094813,33993,33994,keep_one_identical_count_vector
ENSMUSG00000094821,34001,34002,keep_one_identical_count_vector
ENSMUSG00000094821,34001,34003,keep_one_identical_count_vector
ENSMUSG00000095032,34183,34184,keep_one_identical_count_vector
ENSMUSG00000095267,34369,34370,keep_one_identical_count_vector
ENSMUSG00000095302,34403,34404,keep_one_identical_count_vector
ENSMUSG00000095302,34403,34405,keep_one_identical_count_vector
ENSMUSG00000095365,34454,34455,keep_one_identical_count_vector
ENSMUSG00000095452,34524,34525,keep_one_identical_count_vector
ENSMUSG00000095452,34524,34526,keep_one_identical_count_vector
ENSMUSG00000095463,34534,34535,keep_one_identical_count_vector
ENSMUSG00000095634,34683,34684,keep_one_identical_count_vector
ENSMUSG00000095634,34683,34685,keep_one_identical_count_vector
ENSMUSG00000095634,34683,34686,keep_one_identical_count_vector
ENSMUSG00000095650,34701,34702,keep_one_identical_count_vector
ENSMUSG00000095650,34701,34703,keep_one_identical_count_vector
ENSMUSG00000095650,34701,34704,keep_one_identical_count_vector
ENSMUSG00000095659,34713,34714,keep_one_identical_count_vector
ENSMUSG00000095706,34754,34755,keep_one_identical_count_vector
ENSMUSG00000095706,34754,34756,keep_one_identical_count_vector
ENSMUSG00000095770,34805,34806,keep_one_identical_count_vector
ENSMUSG00000095770,34805,34807,keep_one_identical_count_vector
ENSMUSG00000095785,34817,34818,keep_one_identical_count_vector
ENSMUSG00000095793,34825,34826,keep_one_identical_count_vector
ENSMUSG00000095867,34879,34880,keep_one_identical_count_vector
ENSMUSG00000095900,34908,34909,keep_one_identical_count_vector
ENSMUSG00000095900,34908,34910,keep_one_identical_count_vector
ENSMUSG00000095950,34954,34955,keep_one_identical_count_vector
ENSMUSG00000095979,34983,34984,keep_one_identical_count_vector
ENSMUSG00000095979,34983,34985,keep_one_identical_count_vector
ENSMUSG00000096016,35014,35015,keep_one_identical_count_vector
ENSMUSG00000096016,35014,35016,keep_one_identical_count_vector
ENSMUSG00000096016,35014,35017,keep_one_identical_count_vector
ENSMUSG00000096016,35014,35018,keep_one_identical_count_vector
ENSMUSG00000096016,35014,35019,keep_one_identical_count_vector
ENSMUSG00000096122,35103,35104,keep_one_identical_count_vector
ENSMUSG00000096122,35103,35105,keep_one_identical_count_vector
ENSMUSG00000096122,35103,35106,keep_one_identical_count_vector
ENSMUSG00000096122,35103,35107,keep_one_identical_count_vector
ENSMUSG00000096122,35103,35108,keep_one_identical_count_vector
ENSMUSG00000096122,35103,35109,keep_one_identical_count_vector
ENSMUSG00000096122,35103,35110,keep_one_identical_count_vector
ENSMUSG00000096468,35403,35404,keep_one_identical_count_vector
ENSMUSG00000096468,35403,35405,keep_one_identical_count_vector
ENSMUSG00000096468,35403,35406,keep_one_identical_count_vector
ENSMUSG00000096468,35403,35407,keep_one_identical_count_vector
ENSMUSG00000096650,35545,35546,keep_one_identical_count_vector
ENSMUSG00000096688,35579,35580,keep_one_identical_count_vector
ENSMUSG00000096757,35641,35642,keep_one_identical_count_vector
ENSMUSG00000096820,35696,35697,keep_one_identical_count_vector
ENSMUSG00000096867,35739,35740,keep_one_identical_count_vector
ENSMUSG00000096898,35767,35768,keep_one_identical_count_vector
ENSMUSG00000096898,35767,35769,keep_one_identical_count_vector
ENSMUSG00000096898,35767,35770,keep_one_identical_count_vector
ENSMUSG00000096898,35767,35771,keep_one_identical_count_vector
ENSMUSG00000096902,35775,35776,keep_one_identical_count_vector
ENSMUSG00000096902,35775,35777,keep_one_identical_count_vector
ENSMUSG00000097709,36537,36538,keep_one_identical_count_vector
ENSMUSG00000097972,36785,36786,keep_one_identical_count_vector
ENSMUSG00000098094,36901,36902,keep_one_identical_count_vector
ENSMUSG00000098571,37364,37365,keep_one_identical_count_vector
ENSMUSG00000099077,37847,37848,keep_one_identical_count_vector
ENSMUSG00000099077,37847,37849,keep_one_identical_count_vector
ENSMUSG00000099782,38513,38514,keep_one_identical_count_vector
ENSMUSG00000099840,38568,38569,keep_one_identical_count_vector
ENSMUSG00000099856,38584,38585,keep_one_identical_count_vector
ENSMUSG00000100045,38767,38768,keep_one_identical_count_vector
ENSMUSG00000100485,39185,39186,keep_one_identical_count_vector
ENSMUSG00000100535,39234,39235,keep_one_identical_count_vector
ENSMUSG00000100892,39571,39572,keep_one_identical_count_vector
ENSMUSG00000100902,39582,39583,keep_one_identical_count_vector
ENSMUSG00000101146,39818,39819,keep_one_identical_count_vector
ENSMUSG00000101155,39828,39829,keep_one_identical_count_vector
ENSMUSG00000101155,39828,39830,keep_one_identical_count_vector
ENSMUSG00000101157,39832,39833,keep_one_identical_count_vector
ENSMUSG00000101158,39834,39835,keep_one_identical_count_vector
ENSMUSG00000101286,39956,39957,keep_one_identical_count_vector
ENSMUSG00000101766,40411,40412,keep_one_identical_count_vector
ENSMUSG00000101933,40573,40574,keep_one_identical_count_vector
ENSMUSG00000102122,40748,40749,keep_one_identical_count_vector
