"","DRG_control_rep5","DRG_10mg_rep5","DRG_control_rep4","DRG_10mg_rep4","DRG_control_rep3","DRG_10mg_rep3","DRG_control_rep2","DRG_10mg_rep2","DRG_control_rep1","DRG_10mg_rep1"
"DRG_control_rep5",1,0.990695202336795,0.993730691005836,0.98916022469452,0.991485690712787,0.988743662742217,0.991689215841048,0.992044919005908,0.991216536047288,0.986620607648137
"DRG_10mg_rep5",0.990695202336795,1,0.990219029087776,0.996206330823695,0.990276206833744,0.992863607214813,0.992318076343773,0.994304012963442,0.990271670954507,0.992887364036829
"DRG_control_rep4",0.993730691005836,0.990219029087776,1,0.991381812634768,0.99462072505382,0.991825251068354,0.995049769312499,0.993150499048043,0.995813809404343,0.990936509808171
"DRG_10mg_rep4",0.98916022469452,0.996206330823695,0.991381812634768,1,0.990687427546277,0.993375186086281,0.99348698563779,0.993857490205296,0.992329056841972,0.993893336056289
"DRG_control_rep3",0.991485690712787,0.990276206833744,0.99462072505382,0.990687427546277,1,0.994260311447563,0.992102541874515,0.99155724455807,0.992785962921487,0.989796066944118
"DRG_10mg_rep3",0.988743662742217,0.992863607214813,0.991825251068354,0.993375186086281,0.994260311447563,1,0.991380537661408,0.992495264367271,0.990331652092735,0.991064106817108
"DRG_control_rep2",0.991689215841048,0.992318076343773,0.995049769312499,0.99348698563779,0.992102541874515,0.991380537661408,1,0.993820140399117,0.995988836307096,0.992514340152926
"DRG_10mg_rep2",0.992044919005908,0.994304012963442,0.993150499048043,0.993857490205296,0.99155724455807,0.992495264367271,0.993820140399117,1,0.992988472713507,0.990294630684191
"DRG_control_rep1",0.991216536047288,0.990271670954507,0.995813809404343,0.992329056841972,0.992785962921487,0.990331652092735,0.995988836307096,0.992988472713507,1,0.991552924744704
"DRG_10mg_rep1",0.986620607648137,0.992887364036829,0.990936509808171,0.993893336056289,0.989796066944118,0.991064106817108,0.992514340152926,0.990294630684191,0.991552924744704,1
