stable_gene_id,representative_identifier,member_accessions,covers_all_original_candidates,resolution_reason
ENSMUSG00000073421,P01921,A0A494B9G5;A0A494B9U2;P14483,True,REPRESENTATIVE_LACKS_ORIGINAL_EXACT_GENE_LINK
ENSMUSG00000060586,P04230,A0A494B9C8;A0A498U6I0;O78196,True,REPRESENTATIVE_LACKS_ORIGINAL_EXACT_GENE_LINK
ENSMUSG00000039450,Q91X52,A2AC16;Q91X52,True,RESOLVED_EXPLICIT_GENE_CENTRIC_REPRESENTATIVE
ENSMUSG00000021750,Q78TU8,A0A5S8E879;A9C450;Q78TU8,True,RESOLVED_EXPLICIT_GENE_CENTRIC_REPRESENTATIVE
ENSMUSG00000017723,Q9DAU7,A2A5G4;A2A5G5;A2A5G6;Q9DAU7,True,RESOLVED_EXPLICIT_GENE_CENTRIC_REPRESENTATIVE
ENSMUSG00000036594,P01910,G3UWR9;P14434,True,REPRESENTATIVE_LACKS_ORIGINAL_EXACT_GENE_LINK
ENSMUSG00000025154,Q8BRH3,E9Q4T1;Q8BRH3,True,RESOLVED_EXPLICIT_GENE_CENTRIC_REPRESENTATIVE
ENSMUSG00000037071,P13516,A0A494B9N5;P13516,True,RESOLVED_EXPLICIT_GENE_CENTRIC_REPRESENTATIVE
ENSMUSG00000038332,P58006,E9PXR3;P58006,True,RESOLVED_EXPLICIT_GENE_CENTRIC_REPRESENTATIVE
ENSMUSG00000019874,P51880,E9Q0H6;P51880,True,RESOLVED_EXPLICIT_GENE_CENTRIC_REPRESENTATIVE
ENSMUSG00000032289,Q3UTY6,D3Z044;Q3UTY6,True,RESOLVED_EXPLICIT_GENE_CENTRIC_REPRESENTATIVE
ENSMUSG00000019232,Q8BWU8,E9PYH3;F7AY26;Q8BWU8,True,RESOLVED_EXPLICIT_GENE_CENTRIC_REPRESENTATIVE
ENSMUSG00000024222,Q64378,A0A3B2WBD2;A0A3B2WCL4;B8JJC2;Q64378,True,RESOLVED_EXPLICIT_GENE_CENTRIC_REPRESENTATIVE
ENSMUSG00000039167,Q923X1,A0A0G2JGY1;A0A571BEP4;A0A571BF07;Q923X1,True,RESOLVED_EXPLICIT_GENE_CENTRIC_REPRESENTATIVE
ENSMUSG00000019577,O70571,A0A0N4SW53;O70571,True,RESOLVED_EXPLICIT_GENE_CENTRIC_REPRESENTATIVE
ENSMUSG00000037003,Q8CGB6,A0A2R8VHQ0;A0A2R8W6Z5;Q8CGB6,True,RESOLVED_EXPLICIT_GENE_CENTRIC_REPRESENTATIVE
ENSMUSG00000022054,P08553,A0A0R4J036;D3YZ35,True,REPRESENTATIVE_LACKS_ORIGINAL_EXACT_GENE_LINK
ENSMUSG00000003526,Q9WU79,A0A0R4J1T9;A0A338P738;E9PUR5;F6PYI8;F6XMC0;F6YFQ5;Q9WU79,True,RESOLVED_EXPLICIT_GENE_CENTRIC_REPRESENTATIVE
ENSMUSG00000046768,Q9ER71,D3YX61;F2Z463;G3UZM2;Q9ER71,True,RESOLVED_EXPLICIT_GENE_CENTRIC_REPRESENTATIVE
ENSMUSG00000024395,Q91XD2,A0A286YCF2;A0A286YCS7;A0A286YD07;A0A286YDH9;A0A3Q4EC95;Q91XD2,True,RESOLVED_EXPLICIT_GENE_CENTRIC_REPRESENTATIVE
ENSMUSG00000001930,Q8CIZ8,E9QPU1;F6QC47;F6XNP4;S4R195,True,REPRESENTATIVE_LACKS_ORIGINAL_EXACT_GENE_LINK
ENSMUSG00000020717,Q08481,B1ARA9;B1ARB3;Q08481,True,RESOLVED_EXPLICIT_GENE_CENTRIC_REPRESENTATIVE
ENSMUSG00000021130,Q9JJ61,A0A1W2P6P9;A0A1W2P7U3;Q9JJ61,True,RESOLVED_EXPLICIT_GENE_CENTRIC_REPRESENTATIVE
ENSMUSG00000021903,Q9D2N8,G3UWF7;Q9D2N8,True,RESOLVED_EXPLICIT_GENE_CENTRIC_REPRESENTATIVE
ENSMUSG00000029669,Q8BKT6,A0A0J9YVI2;A0A0N4SUK4;D3YW00;D3YYV7;Q8BKT6,True,RESOLVED_EXPLICIT_GENE_CENTRIC_REPRESENTATIVE
ENSMUSG00000002831,O88492,A0A571BEC9;O88492,True,RESOLVED_EXPLICIT_GENE_CENTRIC_REPRESENTATIVE
ENSMUSG00000003283,P08103,F6UND7;P08103,True,RESOLVED_EXPLICIT_GENE_CENTRIC_REPRESENTATIVE
ENSMUSG00000019997,P29268,H3BJW0;H3BK14;P29268,True,RESOLVED_EXPLICIT_GENE_CENTRIC_REPRESENTATIVE
ENSMUSG00000021974,P54130,E9Q2N2;E9Q864;P54130,True,RESOLVED_EXPLICIT_GENE_CENTRIC_REPRESENTATIVE
ENSMUSG00000030247,P97794,A0A0J9YMM3;P97794,True,RESOLVED_EXPLICIT_GENE_CENTRIC_REPRESENTATIVE
ENSMUSG00000030666,Q99MP3,F6YMJ6;S4R2C5;S4R2N3,True,REPRESENTATIVE_LACKS_ORIGINAL_EXACT_GENE_LINK
ENSMUSG00000038546,P69566,A0A1Y7VIP5;A0A1Y7VLC4;A0A1Y7VLX7;A0A1Y7VP77;E9Q5D6;P69566,True,REPRESENTATIVE_ONLY_NONCANONICAL_OR_UNRESOLVED_ISOFORM_XREF
ENSMUSG00000034579,Q8BZT7,F6V2X4;Q8BZT7,True,RESOLVED_EXPLICIT_GENE_CENTRIC_REPRESENTATIVE
ENSMUSG00000033361,Q6PAQ9,I7HPX7;Q6PAQ9,True,RESOLVED_EXPLICIT_GENE_CENTRIC_REPRESENTATIVE
ENSMUSG00000017969,O35074,F7BRR1;O35074,True,RESOLVED_EXPLICIT_GENE_CENTRIC_REPRESENTATIVE
ENSMUSG00000061740,F7BSI7,A0A2R8VKC7;F7BSI7,True,RESOLVED_EXPLICIT_GENE_CENTRIC_REPRESENTATIVE
ENSMUSG00000068744,Q9D0P7,A2AEF3;Q9D0P7,True,RESOLVED_EXPLICIT_GENE_CENTRIC_REPRESENTATIVE
ENSMUSG00000031351,Q62394,A2BI37;B1AXE7;G5E8W8,True,REPRESENTATIVE_LACKS_ORIGINAL_EXACT_GENE_LINK
ENSMUSG00000040666,Q9WUZ7,A0A3B2W7J5;A0A3B2WB97;D3Z3Z9;E9Q2Q9;F6QLU8;F6X737;F7CKA6;Q9WUZ7,True,RESOLVED_EXPLICIT_GENE_CENTRIC_REPRESENTATIVE
ENSMUSG00000025507,Q9ERV7,A0A087WNT6;A0A087WPI0;A0A087WPX5;Q9ERV7,True,RESOLVED_EXPLICIT_GENE_CENTRIC_REPRESENTATIVE
ENSMUSG00000101860,A0A1W2P7H6,A0A1W2P795;A0A1W2P7H6,True,RESOLVED_EXPLICIT_GENE_CENTRIC_REPRESENTATIVE
ENSMUSG00000033855,Q8CDJ8,D3Z0U0;Q8CDJ8,True,RESOLVED_EXPLICIT_GENE_CENTRIC_REPRESENTATIVE
ENSMUSG00000039194,Q9Z275,A0A0U1RNL2;A0A0U1RP66;A0A0U1RPQ2;A0A0U1RPV9;A0A0U1RQ07;Q9Z275,True,RESOLVED_EXPLICIT_GENE_CENTRIC_REPRESENTATIVE
ENSMUSG00000066952,Q9D6A1,A0A0J9YUC4;A0A0J9YUE0;A0A0J9YV53;A0A0J9YVJ1;E9PWM9;Q9D6A1,True,RESOLVED_EXPLICIT_GENE_CENTRIC_REPRESENTATIVE
ENSMUSG00000026365,P06909,A0A0A6YVP8;A0A0A6YWP4;D6RGQ0;E9Q8H9;E9Q8I0;P06909,True,RESOLVED_EXPLICIT_GENE_CENTRIC_REPRESENTATIVE
ENSMUSG00000039195,P58686,A0A0A6YXJ8;P58686,True,RESOLVED_EXPLICIT_GENE_CENTRIC_REPRESENTATIVE
ENSMUSG00000040170,Q8K2I3,D3YVR1;Q8K2I3,True,RESOLVED_EXPLICIT_GENE_CENTRIC_REPRESENTATIVE
ENSMUSG00000029281,O09133,O09133;O35979;O35985,True,RESOLVED_EXPLICIT_GENE_CENTRIC_REPRESENTATIVE
ENSMUSG00000027695,Q9Z280,D3Z2V2;D6RH77;F6QJR6;F6WKY8;F7D3F8,True,REPRESENTATIVE_LACKS_ORIGINAL_EXACT_GENE_LINK
ENSMUSG00000028527,Q9WUR9,A2ARF5;A2ARF6;F6TEU8;Q9WUR9,True,RESOLVED_EXPLICIT_GENE_CENTRIC_REPRESENTATIVE
ENSMUSG00000034906,Q8C156,H3BL21;Q8C156,True,RESOLVED_EXPLICIT_GENE_CENTRIC_REPRESENTATIVE
ENSMUSG00000020389,Q8BLF2,A0A140LJ75;B1AU42;B1AU43;F2Z3Z6;F6RBI5;F6RUB4;F6RX76;F6ULF3;F6Y3R0;Q8BLF2,True,RESOLVED_EXPLICIT_GENE_CENTRIC_REPRESENTATIVE
ENSMUSG00000051469,Q91VN1,D3YVP1;Q91VN1,True,RESOLVED_EXPLICIT_GENE_CENTRIC_REPRESENTATIVE
ENSMUSG00000051855,Q07646,A0A0N4SVB2;D3YZ83;D3YZU2;D3Z383;D3Z3U2;Q07646,True,RESOLVED_EXPLICIT_GENE_CENTRIC_REPRESENTATIVE
ENSMUSG00000074794,Q7TPQ9,E0CY84;E0CZE1;Q7TPQ9,True,RESOLVED_EXPLICIT_GENE_CENTRIC_REPRESENTATIVE
ENSMUSG00000096719,Q91WW4,E9QNZ7;K4DID7,True,REPRESENTATIVE_LACKS_ORIGINAL_EXACT_GENE_LINK
ENSMUSG00000038495,B2RUR8,B2RUR8;D3YYZ8;D3Z210,True,RESOLVED_EXPLICIT_GENE_CENTRIC_REPRESENTATIVE
ENSMUSG00000039221,Q9D7S7,A0A0A6YW21;Q9D7S7,True,RESOLVED_EXPLICIT_GENE_CENTRIC_REPRESENTATIVE
ENSMUSG00000039958,Q80ZM3,A0A0N4SUU8;B8JKU4;B8JKU6;E9PY99;F6R2S0;Q80ZM3,True,RESOLVED_EXPLICIT_GENE_CENTRIC_REPRESENTATIVE
ENSMUSG00000031494,Q91ZX1,A0A140LI09;Q91ZX1,True,RESOLVED_EXPLICIT_GENE_CENTRIC_REPRESENTATIVE
ENSMUSG00000037736,Q3UH68,A0A0J9YUH0;A0A571BG24;A0A5F8MPN3;D3YU22;D3YU59;D3YV55;D3Z589;D6RHT2;F6W1Y9;F6X3N8;Q3UH68,True,RESOLVED_EXPLICIT_GENE_CENTRIC_REPRESENTATIVE
ENSMUSG00000004085,Q9ESL4,A2ASW6;Q9ESL4,True,RESOLVED_EXPLICIT_GENE_CENTRIC_REPRESENTATIVE
ENSMUSG00000023905,Q9CR75,A0A3B2W475;A0A3B2W7Y2;E9PZT5;Q9CR75,True,RESOLVED_EXPLICIT_GENE_CENTRIC_REPRESENTATIVE
ENSMUSG00000032939,Q8BJ71,A0A1D5RLQ0;A0A1D5RM86;Q8BJ71,True,RESOLVED_EXPLICIT_GENE_CENTRIC_REPRESENTATIVE
ENSMUSG00000027075,Q8BSM7,A2ATS4;B0R0N4;G3X8X3;Q8BSM7,True,RESOLVED_EXPLICIT_GENE_CENTRIC_REPRESENTATIVE
ENSMUSG00000020681,P09470,F6QCP8;P09470,True,RESOLVED_EXPLICIT_GENE_CENTRIC_REPRESENTATIVE
ENSMUSG00000037664,P49919,A0A140LJ83;A0A140LJA8;P49919,True,RESOLVED_EXPLICIT_GENE_CENTRIC_REPRESENTATIVE
ENSMUSG00000029101,Q8CGE9,A0A0J9YU30;A0A286YDE1;D3YXA5;D3Z0G5;D3Z0G6;D3Z0G7;E9Q1K7;E9Q652;F6WDN6;F6YRR2;F7B2U5;Q8CGE9,True,RESOLVED_EXPLICIT_GENE_CENTRIC_REPRESENTATIVE
ENSMUSG00000030683,Q4V9Z5,A0A0U1RNQ8;A0A0U1RPR3;D3YY14;Q4V9Z5,True,RESOLVED_EXPLICIT_GENE_CENTRIC_REPRESENTATIVE
ENSMUSG00000021187,Q91XT6,E0CXQ6;Q91XT6,True,RESOLVED_EXPLICIT_GENE_CENTRIC_REPRESENTATIVE
ENSMUSG00000071350,Q8C267,F6SFE4;Q8C267,True,RESOLVED_EXPLICIT_GENE_CENTRIC_REPRESENTATIVE
ENSMUSG00000021950,O35640,F7B733;O35640,True,RESOLVED_EXPLICIT_GENE_CENTRIC_REPRESENTATIVE
ENSMUSG00000031772,Q99P47,D3YWB9;Q99P47,True,RESOLVED_EXPLICIT_GENE_CENTRIC_REPRESENTATIVE
ENSMUSG00000046949,Q9JI75,A0A1Y7VL95;A0A1Y7VMA0;Q9JI75,True,RESOLVED_EXPLICIT_GENE_CENTRIC_REPRESENTATIVE
ENSMUSG00000059430,P63268,A0A0U1RQ96;D3YZY0;D3Z2K3;P63268,True,RESOLVED_EXPLICIT_GENE_CENTRIC_REPRESENTATIVE
ENSMUSG00000003865,Q9Z1E4,A0A1B0GR90;A0A1B0GT92;Q9Z1E4,True,RESOLVED_EXPLICIT_GENE_CENTRIC_REPRESENTATIVE
ENSMUSG00000061353,P40224,H7BX38;P40224,True,RESOLVED_EXPLICIT_GENE_CENTRIC_REPRESENTATIVE
ENSMUSG00000024481,Q2KHK3,A0A3Q4L2Z6;E9QJR0,True,REPRESENTATIVE_LACKS_ORIGINAL_EXACT_GENE_LINK
ENSMUSG00000039405,Q9D6X6,A0A140LHE7;A0A140LHF1;A0A140LIH7;A0A140LIL0;A0A140LJH8;Q9D6X6,True,RESOLVED_EXPLICIT_GENE_CENTRIC_REPRESENTATIVE
ENSMUSG00000030711,P52840,D3Z2P8;E9QNL5;F7CRM8,True,REPRESENTATIVE_LACKS_ORIGINAL_EXACT_GENE_LINK
ENSMUSG00000063415,Q811W2,A0A0N4SUV4;A0A0N4SV88;Q811W2,True,RESOLVED_EXPLICIT_GENE_CENTRIC_REPRESENTATIVE
ENSMUSG00000026879,P13020,A0A0J9YUJ8;A0A0J9YUQ8;A6PWS5;P13020,True,RESOLVED_EXPLICIT_GENE_CENTRIC_REPRESENTATIVE
ENSMUSG00000031168,P70245,A2AC29;P70245,True,RESOLVED_EXPLICIT_GENE_CENTRIC_REPRESENTATIVE
ENSMUSG00000000223,Q05AA6,B1AV35;Q05AA6,True,RESOLVED_EXPLICIT_GENE_CENTRIC_REPRESENTATIVE
ENSMUSG00000038179,Q8BHK6,A0A0A6YW73;A0A0A6YWL9;A0A0R4J2D6;A0A0R4J2D8,True,REPRESENTATIVE_LACKS_ORIGINAL_EXACT_GENE_LINK
ENSMUSG00000026278,O35425,A0A087WR00;A0A0J9YUF0;O35425,True,RESOLVED_EXPLICIT_GENE_CENTRIC_REPRESENTATIVE
ENSMUSG00000025036,Q925N2,A0A494B9V3;Q925N2,True,RESOLVED_EXPLICIT_GENE_CENTRIC_REPRESENTATIVE
ENSMUSG00000058258,P58044,G3XA48;H3BLF8;H3BLP1;P58044,True,RESOLVED_EXPLICIT_GENE_CENTRIC_REPRESENTATIVE
ENSMUSG00000053964,Q8K419,A0A087WSD9;A0A140LHI8;Q8K419,True,RESOLVED_EXPLICIT_GENE_CENTRIC_REPRESENTATIVE
ENSMUSG00000022797,Q62351,D3YZB9;F7B1E2;Q62351,True,RESOLVED_EXPLICIT_GENE_CENTRIC_REPRESENTATIVE
ENSMUSG00000074457,Q9D708,D3Z2Y6;Q9D708,True,RESOLVED_EXPLICIT_GENE_CENTRIC_REPRESENTATIVE
ENSMUSG00000024998,Q8K4S1,Q8K4S1;S4R168;S4R1Q8,True,RESOLVED_EXPLICIT_GENE_CENTRIC_REPRESENTATIVE
ENSMUSG00000028459,P21855,A2AIN5;F6T7G4;F6WGI1;F6WGK4;P21855,True,RESOLVED_EXPLICIT_GENE_CENTRIC_REPRESENTATIVE
ENSMUSG00000090958,G3XA59,A0A5H1ZRN3;G3XA59,True,RESOLVED_EXPLICIT_GENE_CENTRIC_REPRESENTATIVE
ENSMUSG00000003617,Q61147,E9PZD8;G3UWP5;G3UXD2;G3UXG1;G3UZ53;G3X8Q5;G3X9T8;Q61147,True,RESOLVED_EXPLICIT_GENE_CENTRIC_REPRESENTATIVE
ENSMUSG00000031431,Q9Z2S7,B1AVF2;Q9Z2S7,True,RESOLVED_EXPLICIT_GENE_CENTRIC_REPRESENTATIVE
ENSMUSG00000045094,A1IGU4,A0A494BAB2;A1IGU4;E9Q5R6,True,REPRESENTATIVE_ONLY_NONCANONICAL_OR_UNRESOLVED_ISOFORM_XREF
ENSMUSG00000048402,Q0VGT2,A0A1B0GXK7;F6UHB4;F6UUE3;F7B6M4;F7B756;F7CC69;Q0VGT2,True,RESOLVED_EXPLICIT_GENE_CENTRIC_REPRESENTATIVE
ENSMUSG00000002910,Q9D668,A0A1D5RLK5;Q9D668,True,RESOLVED_EXPLICIT_GENE_CENTRIC_REPRESENTATIVE
ENSMUSG00000047786,Q6P566,A0A338P716;Q6P566,True,RESOLVED_EXPLICIT_GENE_CENTRIC_REPRESENTATIVE
ENSMUSG00000041515,P23611,E0CZE4;F7C1A3;P23611,True,RESOLVED_EXPLICIT_GENE_CENTRIC_REPRESENTATIVE
ENSMUSG00000002458,Q9CX84,B7ZCS8;B7ZCT0;B7ZCT1;F6WK59;Q8BFU4;Q9CX84,True,RESOLVED_EXPLICIT_GENE_CENTRIC_REPRESENTATIVE
ENSMUSG00000001089,Q8R4U7,E9Q9L3;F6XG76;Q8R4U7,True,RESOLVED_EXPLICIT_GENE_CENTRIC_REPRESENTATIVE
ENSMUSG00000020422,Q5SSZ5,A0A5F8MP98;A0A5F8MPF2;Q5SSZ5,True,RESOLVED_EXPLICIT_GENE_CENTRIC_REPRESENTATIVE
ENSMUSG00000021846,Q8BST6,A0A2I3BQT4;A0A2I3BRM2;A0A2I3BRM8;A0A991EKZ6;E9QPQ6,True,REPRESENTATIVE_LACKS_ORIGINAL_EXACT_GENE_LINK
ENSMUSG00000030310,P31648,A0A0N4SVF5;A0A991EPK0;P31648,True,RESOLVED_EXPLICIT_GENE_CENTRIC_REPRESENTATIVE
ENSMUSG00000037656,Q80UP8,A0A1B0GR62;A0A1B0GRL3;Q80UP8,True,RESOLVED_EXPLICIT_GENE_CENTRIC_REPRESENTATIVE
ENSMUSG00000032725,Q05685,A0A1B0GQW7;A0A1B0GSV4;Q05685,True,RESOLVED_EXPLICIT_GENE_CENTRIC_REPRESENTATIVE
ENSMUSG00000024799,Q71KT5,A0A494BBJ1;E0CX74;E0CX82;E0CX92;E0CYD6;E0CZ93;E0CZB2;E9Q4M8;F6XXB2;Q71KT5,True,RESOLVED_EXPLICIT_GENE_CENTRIC_REPRESENTATIVE
ENSMUSG00000066441,Q9QYF1,E0CYX0;F8WJB3;Q9QYF1,True,RESOLVED_EXPLICIT_GENE_CENTRIC_REPRESENTATIVE
ENSMUSG00000036067,Q3UDF0,A2AR27;Q3UDF0,True,RESOLVED_EXPLICIT_GENE_CENTRIC_REPRESENTATIVE
ENSMUSG00000022529,Q8CF60,A0A8V5J2J4;E0CZ03;Q8CF60,True,RESOLVED_EXPLICIT_GENE_CENTRIC_REPRESENTATIVE
ENSMUSG00000053063,Q504P2,A0A0R4J0T2;D3YXD8,True,REPRESENTATIVE_LACKS_ORIGINAL_EXACT_GENE_LINK
ENSMUSG00000019278,P31428,A0A1D5RM32;A0A1D5RML1;P31428,True,RESOLVED_EXPLICIT_GENE_CENTRIC_REPRESENTATIVE
ENSMUSG00000032085,P37804,A0A1L1STN8;P37804,True,RESOLVED_EXPLICIT_GENE_CENTRIC_REPRESENTATIVE
ENSMUSG00000037355,Q9D479,E9PZL9;Q9D479,True,RESOLVED_EXPLICIT_GENE_CENTRIC_REPRESENTATIVE
ENSMUSG00000032702,E9Q238,E9Q238;E9Q944,True,RESOLVED_EXPLICIT_GENE_CENTRIC_REPRESENTATIVE
ENSMUSG00000034842,Q8R2G4,A0A0R4J1M9;A0A0R4J1N4;A0A0R4J1Q4;E9PVX7;E9Q1U7;E9Q630;E9Q7Q8;E9Q7Z7;E9Q8Z0;E9Q984;E9Q9Q8;E9QNU1;F6RER8;F6W3A0;F6Z2C7;Q8R2G4,True,REPRESENTATIVE_ONLY_NONCANONICAL_OR_UNRESOLVED_ISOFORM_XREF
ENSMUSG00000058620,P30545,F6SVH1;P30545,True,RESOLVED_EXPLICIT_GENE_CENTRIC_REPRESENTATIVE
ENSMUSG00000024397,O70200,G3UYJ2;O70200,True,RESOLVED_EXPLICIT_GENE_CENTRIC_REPRESENTATIVE
ENSMUSG00000023832,Q8CAY6,A0A3B2WAL8;G3XA25;Q8CAY6,True,RESOLVED_EXPLICIT_GENE_CENTRIC_REPRESENTATIVE
ENSMUSG00000030249,P70170,A0A0N4SWE6;E9PUE8;P70170,True,RESOLVED_EXPLICIT_GENE_CENTRIC_REPRESENTATIVE
ENSMUSG00000015340,Q61093,E9Q7S3;E9Q802;Q61093,True,RESOLVED_EXPLICIT_GENE_CENTRIC_REPRESENTATIVE
ENSMUSG00000036867,O35182,J3QPR3;O35182,True,RESOLVED_EXPLICIT_GENE_CENTRIC_REPRESENTATIVE
ENSMUSG00000031604,Q9CRA4,D3YTN3;D3Z458;Q9CRA4,True,RESOLVED_EXPLICIT_GENE_CENTRIC_REPRESENTATIVE
ENSMUSG00000005950,Q91VE2,B1AUD6;B1AUD7;Q91VE2,True,RESOLVED_EXPLICIT_GENE_CENTRIC_REPRESENTATIVE
ENSMUSG00000033985,Q8VCT9,A2AGD9;A2AGE0;Q8VCT9,True,RESOLVED_EXPLICIT_GENE_CENTRIC_REPRESENTATIVE
ENSMUSG00000020374,Q9D300,B1ATE5;Q9D300,True,RESOLVED_EXPLICIT_GENE_CENTRIC_REPRESENTATIVE
ENSMUSG00000029675,P54320,A0A0J9YV95;P54320,True,RESOLVED_EXPLICIT_GENE_CENTRIC_REPRESENTATIVE
ENSMUSG00000025912,P51960,A0A087WPK9;A0A0R4J132;E9QLX9,True,REPRESENTATIVE_LACKS_ORIGINAL_EXACT_GENE_LINK
ENSMUSG00000036545,Q8C9W3,A0A5F8MPY1;Q8C9W3,True,RESOLVED_EXPLICIT_GENE_CENTRIC_REPRESENTATIVE
ENSMUSG00000022351,P52019,F6VHQ4;P52019,True,RESOLVED_EXPLICIT_GENE_CENTRIC_REPRESENTATIVE
ENSMUSG00000043873,A0A0G2JDS2,A0A0G2JDS2;F7AQE8;F7D8T8,True,RESOLVED_EXPLICIT_GENE_CENTRIC_REPRESENTATIVE
ENSMUSG00000011257,F7D735,A3KFU5;A3KFU8;F6XBG1;F7D735;V9GXG3,True,RESOLVED_EXPLICIT_GENE_CENTRIC_REPRESENTATIVE
ENSMUSG00000016024,Q61805,A2AC65;F6XKX9;Q61805,True,RESOLVED_EXPLICIT_GENE_CENTRIC_REPRESENTATIVE
ENSMUSG00000029231,P26618,A0A0J9YUD9;A0A0J9YV49;A0A0J9YV87;A0A0J9YVF3;P26618,True,RESOLVED_EXPLICIT_GENE_CENTRIC_REPRESENTATIVE
ENSMUSG00000053279,P24549,A0A286YCZ0;P24549,True,RESOLVED_EXPLICIT_GENE_CENTRIC_REPRESENTATIVE
ENSMUSG00000038042,Q6NZK8,A0A1Y7VLX3;A0A5F8MPG6;Q6NZK8,True,RESOLVED_EXPLICIT_GENE_CENTRIC_REPRESENTATIVE
ENSMUSG00000023267,P56476,A3KG54;F6YZH6;P56476,True,RESOLVED_EXPLICIT_GENE_CENTRIC_REPRESENTATIVE
ENSMUSG00000035649,B1AX39,B1AX39;E0CY20;E9PUW4;E9Q193;F7CLJ4,True,RESOLVED_EXPLICIT_GENE_CENTRIC_REPRESENTATIVE
ENSMUSG00000030946,Q9D7I5,A0A1B0GR58;A0A1B0GR73;Q9D7I5,True,RESOLVED_EXPLICIT_GENE_CENTRIC_REPRESENTATIVE
ENSMUSG00000025025,P50540,A0A494B9I5;A0A494B9V1;F8WHL3;P50540,True,RESOLVED_EXPLICIT_GENE_CENTRIC_REPRESENTATIVE
ENSMUSG00000025161,P57787,A0A0G2JD98;B1ATM1;B1ATM2;P57787,True,RESOLVED_EXPLICIT_GENE_CENTRIC_REPRESENTATIVE
ENSMUSG00000000632,Q7TSK2,F6SXT0;F6XNR8;Q7TSK2,True,RESOLVED_EXPLICIT_GENE_CENTRIC_REPRESENTATIVE
ENSMUSG00000005233,Q3UA16,A2AUT1;A2AUT3;A2AUT4;Q3UA16,True,RESOLVED_EXPLICIT_GENE_CENTRIC_REPRESENTATIVE
ENSMUSG00000028152,P62080,D3YV61;D3YZK1;D3Z641;D6REF5;D6RG91;F6XRD3;F7C5E2;P62080,True,RESOLVED_EXPLICIT_GENE_CENTRIC_REPRESENTATIVE
ENSMUSG00000050623,Q9CQP8,A0A494BAH2;A0A494BBE0;A0A494BBE5;Q9CQP8,True,RESOLVED_EXPLICIT_GENE_CENTRIC_REPRESENTATIVE
ENSMUSG00000061702,Q8C581,D3Z7E7;D3Z7E8;F6VMA8;Q8C581,True,RESOLVED_EXPLICIT_GENE_CENTRIC_REPRESENTATIVE
ENSMUSG00000028248,A2AJT4,A2AJT3;A2AJT4;A2AJT5,True,RESOLVED_EXPLICIT_GENE_CENTRIC_REPRESENTATIVE
ENSMUSG00000022537,E9Q4M0,E9Q4M0;F6Q8S3;F6SF18;F7D1Q2,True,RESOLVED_EXPLICIT_GENE_CENTRIC_REPRESENTATIVE
ENSMUSG00000021587,P63239,A0A1Y7VJY7;P63239,True,RESOLVED_EXPLICIT_GENE_CENTRIC_REPRESENTATIVE
ENSMUSG00000032356,P27671,A0A087WS68;F7B4Z9;P27671,True,RESOLVED_EXPLICIT_GENE_CENTRIC_REPRESENTATIVE
ENSMUSG00000034107,Q14AT5,A0A087WPD8;Q14AT5,True,RESOLVED_EXPLICIT_GENE_CENTRIC_REPRESENTATIVE
ENSMUSG00000001349,Q08091,A0A1L1SRL1;A0A1L1SRV0;A0A1L1SUB2;Q08091,True,RESOLVED_EXPLICIT_GENE_CENTRIC_REPRESENTATIVE
ENSMUSG00000032531,Q8K371,A0A087WRL8;B8JK81;B8JK82;B8JK83;B8JK84;B8JK85;B8JK86;B8JK87;F6VTR7;Q8K371,True,RESOLVED_EXPLICIT_GENE_CENTRIC_REPRESENTATIVE
ENSMUSG00000025950,O88844,A0A087WNN7;A0A087WPT4;A0A087WRM4;A0A087WRS9;D3YVY3;O88844,True,RESOLVED_EXPLICIT_GENE_CENTRIC_REPRESENTATIVE
ENSMUSG00000078439,Q0VG18,D3Z3Y2;Q0VG18,True,RESOLVED_EXPLICIT_GENE_CENTRIC_REPRESENTATIVE
ENSMUSG00000030609,Q9CZI9,A0A0U1RNV2;A0A0U1RQ47;D3Z516;Q9CZI9,True,RESOLVED_EXPLICIT_GENE_CENTRIC_REPRESENTATIVE
ENSMUSG00000074264,P00687,D3YYQ5;G3UXY7;P00687,True,RESOLVED_EXPLICIT_GENE_CENTRIC_REPRESENTATIVE
ENSMUSG00000001240,Q9WUP0,A2A4K2;A8XY18;D6RHQ4;E9Q0S5;F6YPZ1;Q9WUP0,True,RESOLVED_EXPLICIT_GENE_CENTRIC_REPRESENTATIVE
ENSMUSG00000021951,Q9CY45,A0A0D2X7Z2;Q9CY45,True,RESOLVED_EXPLICIT_GENE_CENTRIC_REPRESENTATIVE
ENSMUSG00000054641,B2RPV6,A0A0N4SVL8;G3UVV6,True,REPRESENTATIVE_LACKS_ORIGINAL_EXACT_GENE_LINK
ENSMUSG00000033595,Q8K406,A0A2I3BPU5;Q8K406,True,RESOLVED_EXPLICIT_GENE_CENTRIC_REPRESENTATIVE
ENSMUSG00000006398,Q9JJ66,Q9JJ66;V9GXW0,True,RESOLVED_EXPLICIT_GENE_CENTRIC_REPRESENTATIVE
ENSMUSG00000024039,Q91WT9,A0A494BAQ7;A0A494BB97;D3YUF2;D3YYN0;D3Z4K2;Q91WT9,True,RESOLVED_EXPLICIT_GENE_CENTRIC_REPRESENTATIVE
ENSMUSG00000026202,P68368,A0A087WQS4;A0A087WRB4;A0A087WS35;A0A087WSB0;A0A087WSL5;A0A0A0MQA5;P68368,True,RESOLVED_EXPLICIT_GENE_CENTRIC_REPRESENTATIVE
ENSMUSG00000030317,Q9JHB3,A0A0N4SUR1;Q9JHB3,True,RESOLVED_EXPLICIT_GENE_CENTRIC_REPRESENTATIVE
ENSMUSG00000039114,Q8CFV4,A0A286YCW7;A0A286YD56;A0A286YDV9;D3Z4E2;Q8CFV4,True,RESOLVED_EXPLICIT_GENE_CENTRIC_REPRESENTATIVE
ENSMUSG00000042524,Q8BJS4,E0CY32;E0CY39;E0CY44;Q8BJS4,True,RESOLVED_EXPLICIT_GENE_CENTRIC_REPRESENTATIVE
ENSMUSG00000004127,Q8C1Z8,A0A0R4J205;E0CY61;E0CZ56;E9Q663,True,REPRESENTATIVE_LACKS_ORIGINAL_EXACT_GENE_LINK
ENSMUSG00000032299,Q9CQ02,A0A1L1SRJ9;A0A1L1SRM6;A0A1L1SRX4;A0A1L1ST08;A0A1L1STT5;A0A1L1SVC7;Q9CQ02,True,RESOLVED_EXPLICIT_GENE_CENTRIC_REPRESENTATIVE
ENSMUSG00000055407,Q7TSJ2,A0A140LIT9;D3Z6W1;Q7TSJ2,True,RESOLVED_EXPLICIT_GENE_CENTRIC_REPRESENTATIVE
ENSMUSG00000061132,Q9QUN3,D3YWR2;Q9QUN3,True,RESOLVED_EXPLICIT_GENE_CENTRIC_REPRESENTATIVE
ENSMUSG00000079436,P86046,G3UX25;P86046,True,RESOLVED_EXPLICIT_GENE_CENTRIC_REPRESENTATIVE
ENSMUSG00000001156,P50538,A0A0N4SVF6;A0A0N4SW68;F6U639,True,REPRESENTATIVE_LACKS_ORIGINAL_EXACT_GENE_LINK
ENSMUSG00000019961,Q61033,Q61029;Q61033,True,RESOLVED_EXPLICIT_GENE_CENTRIC_REPRESENTATIVE
ENSMUSG00000020838,Q60857,Q5NCR5;Q60857,True,RESOLVED_EXPLICIT_GENE_CENTRIC_REPRESENTATIVE
ENSMUSG00000026473,P15105,A0ABJ3FL53;D3YVK1;P15105,True,RESOLVED_EXPLICIT_GENE_CENTRIC_REPRESENTATIVE
ENSMUSG00000013089,Q9CXC9,E9Q288;F6Q487;F7A407;Q9CXC9,True,RESOLVED_EXPLICIT_GENE_CENTRIC_REPRESENTATIVE
ENSMUSG00000041220,Q920L5,A0A0G2JFD6;A0A0G2JFE8;A0A0G2JGX5;Q920L5,True,RESOLVED_EXPLICIT_GENE_CENTRIC_REPRESENTATIVE
ENSMUSG00000038642,O70370,F6WR04;O70370,True,RESOLVED_EXPLICIT_GENE_CENTRIC_REPRESENTATIVE
ENSMUSG00000052957,Q01721,A0A286YD87;Q01721,True,RESOLVED_EXPLICIT_GENE_CENTRIC_REPRESENTATIVE
ENSMUSG00000031960,Q8BGQ7,A0A1Y7VE86;Q8BGQ7,True,RESOLVED_EXPLICIT_GENE_CENTRIC_REPRESENTATIVE
ENSMUSG00000017756,Q9WVL3,A0A1Y7VMP9;A0ACI5RDP9;Q9WVL3,True,RESOLVED_EXPLICIT_GENE_CENTRIC_REPRESENTATIVE
ENSMUSG00000025980,P63038,D3Z2F2;D3Z7J9;P63038,True,RESOLVED_EXPLICIT_GENE_CENTRIC_REPRESENTATIVE
ENSMUSG00000033082,Q8BWY2,A0A0N4SV03;A0A0N4SVE6;A0A0N4SWF3;Q8BWY2,True,RESOLVED_EXPLICIT_GENE_CENTRIC_REPRESENTATIVE
ENSMUSG00000058135,P10649,A2AE89;F6WHQ7;P10649,True,RESOLVED_EXPLICIT_GENE_CENTRIC_REPRESENTATIVE
ENSMUSG00000024349,Q3TBT3,A0A494B980;A0A494B9A3;A0A494BB43;A0A494BBL9;Q3TBT3,True,RESOLVED_EXPLICIT_GENE_CENTRIC_REPRESENTATIVE
ENSMUSG00000034006,Q80XM9,D3YYH5;D3Z2D5;Q80XM9,True,RESOLVED_EXPLICIT_GENE_CENTRIC_REPRESENTATIVE
ENSMUSG00000044734,Q9D154,Q9D154;Z4YK03,True,RESOLVED_EXPLICIT_GENE_CENTRIC_REPRESENTATIVE
ENSMUSG00000001151,P48725,A0A1W2P737;A0A1W2P8A6;F8VPV0,True,REPRESENTATIVE_LACKS_ORIGINAL_EXACT_GENE_LINK
ENSMUSG00000027488,Q61234,A2AKD7;Q61234,True,RESOLVED_EXPLICIT_GENE_CENTRIC_REPRESENTATIVE
ENSMUSG00000041920,B1AT66,B1AT66;H9KUY0;H9KV19,True,RESOLVED_EXPLICIT_GENE_CENTRIC_REPRESENTATIVE
ENSMUSG00000018076,Q6JPI3,A0A0J9YUA8;E9QLJ3,True,REPRESENTATIVE_LACKS_ORIGINAL_EXACT_GENE_LINK
ENSMUSG00000026274,Q8CEE6,D3YUI8;Q8CEE6,True,RESOLVED_EXPLICIT_GENE_CENTRIC_REPRESENTATIVE
ENSMUSG00000040459,Q3UL36,A0A140LIS5;Q3UL36,True,RESOLVED_EXPLICIT_GENE_CENTRIC_REPRESENTATIVE
ENSMUSG00000037313,Q9JJ11,A0A0J9YVA2;D3Z1Y4;F6TNB3;F6UJD5;F6V137;F7AGT6,True,REPRESENTATIVE_LACKS_ORIGINAL_EXACT_GENE_LINK
ENSMUSG00000024299,P58459,A0A3Q4EG50;G3UXX0;G3UY03;G3UZ08;P58459,True,RESOLVED_EXPLICIT_GENE_CENTRIC_REPRESENTATIVE
ENSMUSG00000018574,P50544,B1AR28;P50544,True,RESOLVED_EXPLICIT_GENE_CENTRIC_REPRESENTATIVE
ENSMUSG00000051790,Q69ZK9,F6VE93;Q69ZK9,True,RESOLVED_EXPLICIT_GENE_CENTRIC_REPRESENTATIVE
ENSMUSG00000019929,P28654,A0A1W2P6I8;P28654,True,RESOLVED_EXPLICIT_GENE_CENTRIC_REPRESENTATIVE
ENSMUSG00000066894,D3YX43,D3YX43;E9PVW4,True,RESOLVED_EXPLICIT_GENE_CENTRIC_REPRESENTATIVE
ENSMUSG00000071176,Q8C033,F7BCP8;F7BQE4;Q8C033,True,RESOLVED_EXPLICIT_GENE_CENTRIC_REPRESENTATIVE
ENSMUSG00000024810,Q8BVZ5,D3Z6T7;H3BKB5;H3BLN5;Q8BVZ5,True,RESOLVED_EXPLICIT_GENE_CENTRIC_REPRESENTATIVE
ENSMUSG00000004328,Q0VBL6,A0A0U1RQ59;D3Z377;Q0VBL6,True,RESOLVED_EXPLICIT_GENE_CENTRIC_REPRESENTATIVE
ENSMUSG00000038252,Q8K2Z4,A0A087WNQ1;A0A087WRK6;A0A0R4J0H7,True,REPRESENTATIVE_LACKS_ORIGINAL_EXACT_GENE_LINK
ENSMUSG00000021365,O35177,A0A0R4J212;A0A286YCE4;O35177,True,RESOLVED_EXPLICIT_GENE_CENTRIC_REPRESENTATIVE
ENSMUSG00000027318,Q923W9,F6Z4C4;F7CIM2;Q923W9;V9GXX4,True,RESOLVED_EXPLICIT_GENE_CENTRIC_REPRESENTATIVE
ENSMUSG00000029714,Q99MR1,A0A0G2JGR7;Q99MR1,True,RESOLVED_EXPLICIT_GENE_CENTRIC_REPRESENTATIVE
ENSMUSG00000052949,Q3TEL6,A2AAN9;A2AAP0;F6XBS7;F7D0T8,True,REPRESENTATIVE_LACKS_ORIGINAL_EXACT_GENE_LINK
ENSMUSG00000031266,P51569,A0A5F8MPU5;A2BDV6;P51569,True,RESOLVED_EXPLICIT_GENE_CENTRIC_REPRESENTATIVE
ENSMUSG00000031762,P02798,A0A1D5RLC3;P02798,True,RESOLVED_EXPLICIT_GENE_CENTRIC_REPRESENTATIVE
ENSMUSG00000022843,Q9R0A1,A0A338P673;A0A338P6C2;A9C437;D6RFS3;Q9R0A1,True,RESOLVED_EXPLICIT_GENE_CENTRIC_REPRESENTATIVE
ENSMUSG00000029373,Q9Z126,A0A0J9YTR7;Q9Z126,True,RESOLVED_EXPLICIT_GENE_CENTRIC_REPRESENTATIVE
ENSMUSG00000069833,E9Q616,A0A494B8Y7;A0A494BBD5;E9Q616;G5E8K8,True,RESOLVED_EXPLICIT_GENE_CENTRIC_REPRESENTATIVE
ENSMUSG00000030967,Q7M760,A0A1B0GQZ6;A0A1L1SQ24;Q7M760,True,RESOLVED_EXPLICIT_GENE_CENTRIC_REPRESENTATIVE
ENSMUSG00000032812,Q4LDD4,A0A1B0GSK4;D3YVS8;D3YWW7;D3YY40;D3YYF5;D3YZJ7;D3Z2S2;D3Z2X3;E9PUB0;Q4LDD4,True,RESOLVED_EXPLICIT_GENE_CENTRIC_REPRESENTATIVE
ENSMUSG00000057497,Q9CR98,A0A0N4SWI4;Q9CR98,True,RESOLVED_EXPLICIT_GENE_CENTRIC_REPRESENTATIVE
ENSMUSG00000031596,P18581,A0A1C7ZMY5;E9QJY0;P18581,True,RESOLVED_EXPLICIT_GENE_CENTRIC_REPRESENTATIVE
ENSMUSG00000001366,Q8BK06,E0CYX8;Q8BK06,True,RESOLVED_EXPLICIT_GENE_CENTRIC_REPRESENTATIVE
ENSMUSG00000024812,Q9Z0U1,A0A3B2WBH9;A0A3B2WCN9;A0A494B9E6;A0A494BAA0;Q9Z0U1,True,RESOLVED_EXPLICIT_GENE_CENTRIC_REPRESENTATIVE
ENSMUSG00000037172,Q3UHG7,A0A0J9YTZ0;Q3UHG7,True,RESOLVED_EXPLICIT_GENE_CENTRIC_REPRESENTATIVE
ENSMUSG00000032028,Q3U095,A0A0R4J0E5;D3Z433;E9Q4V1,True,REPRESENTATIVE_LACKS_ORIGINAL_EXACT_GENE_LINK
ENSMUSG00000027071,Q3UR32,A2AW03;A2AW04;Q3UR32,True,RESOLVED_EXPLICIT_GENE_CENTRIC_REPRESENTATIVE
ENSMUSG00000060594,Q8C351,A0A1L1SS94;A0A1L1SUC7;Q8C351,True,RESOLVED_EXPLICIT_GENE_CENTRIC_REPRESENTATIVE
ENSMUSG00000027981,Q3UZ01,F6TN13;Q3UZ01,True,RESOLVED_EXPLICIT_GENE_CENTRIC_REPRESENTATIVE
ENSMUSG00000020758,A2A863,A2A863;A2A864,True,RESOLVED_EXPLICIT_GENE_CENTRIC_REPRESENTATIVE
ENSMUSG00000032092,O70255,A0A1L1SST8;A0A1L1STN6;F6RG10,True,REPRESENTATIVE_LACKS_ORIGINAL_EXACT_GENE_LINK
ENSMUSG00000024899,O88428,A0A494B923;A0A494BB18;O88428,True,RESOLVED_EXPLICIT_GENE_CENTRIC_REPRESENTATIVE
ENSMUSG00000034522,E9Q5N9,A0A286YDB9;A0A286YDG8;E9Q5N9,True,RESOLVED_EXPLICIT_GENE_CENTRIC_REPRESENTATIVE
ENSMUSG00000027447,P21460,A2APX3;P21460,True,RESOLVED_EXPLICIT_GENE_CENTRIC_REPRESENTATIVE
ENSMUSG00000058145,D3YX90,A0A140LJ54;E9Q4D1;F6RTQ0,True,REPRESENTATIVE_LACKS_ORIGINAL_EXACT_GENE_LINK
ENSMUSG00000051278,Q0VGT4,A0A0G2JGH8;A0A0G2JGJ2;Q0VGT4,True,RESOLVED_EXPLICIT_GENE_CENTRIC_REPRESENTATIVE
ENSMUSG00000025240,Q9EP69,A0A1L1SR59;A0A5F8MPK9;Q9EP69,True,RESOLVED_EXPLICIT_GENE_CENTRIC_REPRESENTATIVE
ENSMUSG00000025001,Q60848,D3Z414;Q60848,True,RESOLVED_EXPLICIT_GENE_CENTRIC_REPRESENTATIVE
ENSMUSG00000058756,P63058,A0A0R4J1R8;A3KFN7;P63058,True,REPRESENTATIVE_MULTIPLE_DISPLAYED_ISOFORMS
ENSMUSG00000031871,P55284,A0A1B0GQW9;P55284,True,RESOLVED_EXPLICIT_GENE_CENTRIC_REPRESENTATIVE
ENSMUSG00000053175,Q9Z2F6,F6YNH8;Q9Z2F6,True,RESOLVED_EXPLICIT_GENE_CENTRIC_REPRESENTATIVE
ENSMUSG00000026193,P11276,A0A087WPB0;A0A087WQE0;A0A087WQR8;A0A087WQW8;A0A087WR50;A0A087WRY1;A0A087WS56;A0A087WS99;A0A087WSB4;A0A087WSN6;A0A087WSU6;P11276,True,RESOLVED_EXPLICIT_GENE_CENTRIC_REPRESENTATIVE
ENSMUSG00000043924,Q99JS0,A2A990;A2A991;A2A992;Q99JS0,True,RESOLVED_EXPLICIT_GENE_CENTRIC_REPRESENTATIVE
ENSMUSG00000025648,Q6DTY7,A0A0G2JDE6;A0A0G2JFP0;Q6DTY7,True,RESOLVED_EXPLICIT_GENE_CENTRIC_REPRESENTATIVE
ENSMUSG00000039670,Q9CR10,H3BK04;Q9CR10,True,RESOLVED_EXPLICIT_GENE_CENTRIC_REPRESENTATIVE
ENSMUSG00000065954,Q6Y685,A0A1B0GR30;A0A1B0GRF4;A0A1B0GRH3;A0A1B0GRI7;A0A1B0GSC1;F8VQ95;Q6Y685,True,REPRESENTATIVE_ONLY_NONCANONICAL_OR_UNRESOLVED_ISOFORM_XREF
ENSMUSG00000029397,Q9CR50,G3UWD8;Q9CR50,True,RESOLVED_EXPLICIT_GENE_CENTRIC_REPRESENTATIVE
ENSMUSG00000068874,P17563,D6RHN2;P17563,True,RESOLVED_EXPLICIT_GENE_CENTRIC_REPRESENTATIVE
ENSMUSG00000030087,Q9EPW2,A0A0N4SVC6;Q9EPW2,True,RESOLVED_EXPLICIT_GENE_CENTRIC_REPRESENTATIVE
ENSMUSG00000021541,Q9WVC5,D6RI84;E9PVJ9;G3UWI6;G3UWT1;G3UYZ6;G3UZF9;G3UZW6;Q9WVC5,True,RESOLVED_EXPLICIT_GENE_CENTRIC_REPRESENTATIVE
ENSMUSG00000051811,Q80ZN9,Q80ZN9;S4R1N0;S4R2M9;S4R2Q6;V9GWZ7;V9GXN3,True,RESOLVED_EXPLICIT_GENE_CENTRIC_REPRESENTATIVE
ENSMUSG00000006127,Q8C5L6,D6RI67;Q5ND44;Q8C5L6,True,RESOLVED_EXPLICIT_GENE_CENTRIC_REPRESENTATIVE
ENSMUSG00000051159,P97769,A0A0A0MQI7;F6YUL1;F6ZC52;P97769,True,RESOLVED_EXPLICIT_GENE_CENTRIC_REPRESENTATIVE
ENSMUSG00000002020,O08999,E9Q1D6;E9QNQ3;F6UFW9;F6WSP3;F6XGT5;F6Y9L6,True,REPRESENTATIVE_LACKS_ORIGINAL_EXACT_GENE_LINK
ENSMUSG00000028785,P84075,A2A7R5;A2A7R6;E9PV73;P84075,True,RESOLVED_EXPLICIT_GENE_CENTRIC_REPRESENTATIVE
ENSMUSG00000010453,A2RSY1,A0A087WPB8;A0A087WQ64;A0A087WRK2;A0A0A6YWN0;A2RSY1,True,RESOLVED_EXPLICIT_GENE_CENTRIC_REPRESENTATIVE
ENSMUSG00000028494,P43883,B1AXR3;B1AXR5;P43883,True,RESOLVED_EXPLICIT_GENE_CENTRIC_REPRESENTATIVE
ENSMUSG00000028996,Q9EPC5,F6R1Y3;Q9EPC5,True,RESOLVED_EXPLICIT_GENE_CENTRIC_REPRESENTATIVE
ENSMUSG00000046897,Q6NZQ6,A0A2R8VK26;A0A2R8W747;D3Z4A3;D3Z4S9;D3Z606;D3Z6P2;Q6NZQ6,True,RESOLVED_EXPLICIT_GENE_CENTRIC_REPRESENTATIVE
ENSMUSG00000022831,P49710,E9Q4E5;P49710,True,RESOLVED_EXPLICIT_GENE_CENTRIC_REPRESENTATIVE
ENSMUSG00000011171,P41588,H3BJW2;P41588,True,RESOLVED_EXPLICIT_GENE_CENTRIC_REPRESENTATIVE
ENSMUSG00000030268,P24288,A0A0N4SV61;B2KFA8;B2KFA9;E9Q4K3;F6YA43;F6YUH3;P24288,True,RESOLVED_EXPLICIT_GENE_CENTRIC_REPRESENTATIVE
ENSMUSG00000040936,Q3V129,E9Q220;E9Q2P5;E9QKJ7;H7BX20;Q3V129,True,REPRESENTATIVE_ONLY_NONCANONICAL_OR_UNRESOLVED_ISOFORM_XREF
ENSMUSG00000024668,Q8C6I2,A0A494B8X4;A0A494B984;A0A494B9B9;A0A494BB88;Q8C6I2,True,RESOLVED_EXPLICIT_GENE_CENTRIC_REPRESENTATIVE
ENSMUSG00000023048,Q9CQJ5,E9PZX3;Q9CQJ5,True,RESOLVED_EXPLICIT_GENE_CENTRIC_REPRESENTATIVE
ENSMUSG00000024026,Q9CPU0,A0A494B970;A0A494BAF7;A0A494BBE7;Q9CPU0,True,RESOLVED_EXPLICIT_GENE_CENTRIC_REPRESENTATIVE
ENSMUSG00000022469,Q8VCC8,D3Z4E9;D3Z514;D6RGA9;E9Q2E5;F7BXV7;H3BK02;H3BK39;H3BKA8;Q8VCC8,True,RESOLVED_EXPLICIT_GENE_CENTRIC_REPRESENTATIVE
ENSMUSG00000078627,E9PX79,E9PX79;F6WKB0;F6YRU8,True,RESOLVED_EXPLICIT_GENE_CENTRIC_REPRESENTATIVE
ENSMUSG00000029622,Q9WV32,A0A0G2JG61;D3Z6S0;F6THG2;F6VVE6;Q9WV32,True,RESOLVED_EXPLICIT_GENE_CENTRIC_REPRESENTATIVE
ENSMUSG00000046314,Q8R3T5,B8JJ84;D6RJ81;F6SUH4,True,REPRESENTATIVE_LACKS_ORIGINAL_EXACT_GENE_LINK
ENSMUSG00000030067,P58462,A0A0R4J1H9;A0A0R4J282;D3Z0J5;D3Z2T4;D3Z454;D3Z6Q3;D3Z6Q4;H3BJ24;H3BJ68;H3BJM1;H3BJR8;H3BJY9;H3BJZ5;H3BK30;H3BK38;H3BKT4;H3BL33;H3BLF2;P58462,True,RESOLVED_EXPLICIT_GENE_CENTRIC_REPRESENTATIVE
ENSMUSG00000007655,P49817,D3Z0J2;D3Z148;H3BKG0;H3BLQ4;P49817,True,RESOLVED_EXPLICIT_GENE_CENTRIC_REPRESENTATIVE
ENSMUSG00000018362,P52293,A2A600;A2A601;A2A602;A6PW68;F2Z431;P52293,True,RESOLVED_EXPLICIT_GENE_CENTRIC_REPRESENTATIVE
ENSMUSG00000028073,Q8VIK5,G3UWZ1;G3UX62;G3UXB8;G3UXM4;G3UY90;G3UYI7;G3UYT5;G3UZD5;Q8VIK5,True,RESOLVED_EXPLICIT_GENE_CENTRIC_REPRESENTATIVE
ENSMUSG00000038957,Q8K2D3,D3YYS4;D6RCX6;Q8K2D3,True,RESOLVED_EXPLICIT_GENE_CENTRIC_REPRESENTATIVE
ENSMUSG00000060568,Q8BQN5,F6SII3;F6ZXE6;Q8BQN5,True,RESOLVED_EXPLICIT_GENE_CENTRIC_REPRESENTATIVE
ENSMUSG00000069135,Q66JX5,F6UTB8;Q66JX5,True,RESOLVED_EXPLICIT_GENE_CENTRIC_REPRESENTATIVE
ENSMUSG00000030979,P51163,A0A1B0GR97;E9PYC9;E9Q8N3;E9Q9B5;F7DEI3;P51163,True,RESOLVED_EXPLICIT_GENE_CENTRIC_REPRESENTATIVE
ENSMUSG00000037628,Q810P3,A0A2I3BPS7;Q810P3,True,RESOLVED_EXPLICIT_GENE_CENTRIC_REPRESENTATIVE
ENSMUSG00000034235,Q8BL06,F6ZXV1;Q8BL06,True,RESOLVED_EXPLICIT_GENE_CENTRIC_REPRESENTATIVE
ENSMUSG00000041431,P24860,F7AWL9;G3UY65;P24860,True,RESOLVED_EXPLICIT_GENE_CENTRIC_REPRESENTATIVE
ENSMUSG00000030605,P21956,A0A0U1RNV7;P21956,True,RESOLVED_EXPLICIT_GENE_CENTRIC_REPRESENTATIVE
ENSMUSG00000039621,Q69ZK0,I7HPV9;Q69ZK0,True,RESOLVED_EXPLICIT_GENE_CENTRIC_REPRESENTATIVE
ENSMUSG00000046805,A1L314,A0AAQ4VMR7;E9QN37,True,REPRESENTATIVE_LACKS_ORIGINAL_EXACT_GENE_LINK
ENSMUSG00000047446,P61213,G3UVX1;P61213,True,RESOLVED_EXPLICIT_GENE_CENTRIC_REPRESENTATIVE
ENSMUSG00000001999,Q9CY64,A2ASB1;A2ASB7;A2ASB8;Q9CY64,True,RESOLVED_EXPLICIT_GENE_CENTRIC_REPRESENTATIVE
ENSMUSG00000020994,O35691,A0A1W2P6S1;F6X2B0,True,REPRESENTATIVE_LACKS_ORIGINAL_EXACT_GENE_LINK
ENSMUSG00000037428,Q0VGU4,A0A087WQ93;Q0VGU4,True,RESOLVED_EXPLICIT_GENE_CENTRIC_REPRESENTATIVE
ENSMUSG00000030898,P56481,M0QWX1;P56481,True,RESOLVED_EXPLICIT_GENE_CENTRIC_REPRESENTATIVE
ENSMUSG00000021668,Q9QUG2,A0A1Y7VIT5;A0A1Y7VIV8;A0A1Y7VJK7;A0A1Y7VJV3;A0A1Y7VLH7;A0A1Y7VLR8;A0A1Y7VLU3;F7D0M1;Q9QUG2,True,RESOLVED_EXPLICIT_GENE_CENTRIC_REPRESENTATIVE
ENSMUSG00000036678,P58742,A0A2R8VHB1;A0A2R8VHP6;A0A2R8VHX3;A0A2R8VI45;A0A2R8VI59;A0A2R8VI65;P58742,True,RESOLVED_EXPLICIT_GENE_CENTRIC_REPRESENTATIVE
ENSMUSG00000031283,Q920C1,A0A140LIV5;Q920C1,True,RESOLVED_EXPLICIT_GENE_CENTRIC_REPRESENTATIVE
ENSMUSG00000079845,A2BI40,A2BI40;A2BI41;A2BI42,True,RESOLVED_EXPLICIT_GENE_CENTRIC_REPRESENTATIVE
ENSMUSG00000028809,Q52KI8,A2A8V8;A2A8V9;A2A983;E9PUK6;E9QKA4;F6T4M4;F6UK16;F7BWM1,True,REPRESENTATIVE_LACKS_ORIGINAL_EXACT_GENE_LINK
ENSMUSG00000042312,P97352,A0A0A0MQ90;A0ABA7IW41;P97352,True,RESOLVED_EXPLICIT_GENE_CENTRIC_REPRESENTATIVE
ENSMUSG00000027947,P22272,A0A0G2JGF1;P22272,True,RESOLVED_EXPLICIT_GENE_CENTRIC_REPRESENTATIVE
ENSMUSG00000041939,Q9R008,A0A0G2JDI0;A0A0G2JEG0;A0A0G2JFX8;D3YV77;F6QCK0;Q9R008,True,RESOLVED_EXPLICIT_GENE_CENTRIC_REPRESENTATIVE
ENSMUSG00000058966,Q7TNV1,A0A0U1RP88;Q7TNV1,True,RESOLVED_EXPLICIT_GENE_CENTRIC_REPRESENTATIVE
ENSMUSG00000037601,P15532,P15532;Q5NC79;Q5NC80,True,RESOLVED_EXPLICIT_GENE_CENTRIC_REPRESENTATIVE
ENSMUSG00000022112,Q8CAL5,H3BJQ8;H3BLN8;Q8CAL5,True,RESOLVED_EXPLICIT_GENE_CENTRIC_REPRESENTATIVE
ENSMUSG00000036863,A0A1D5RLX6,A0A0G2JEY9;A0A1D5RLX6;E9PUP1,True,RESOLVED_EXPLICIT_GENE_CENTRIC_REPRESENTATIVE
ENSMUSG00000020395,Q03526,Q03526;Q5STT7;Q5STT8,True,RESOLVED_EXPLICIT_GENE_CENTRIC_REPRESENTATIVE
ENSMUSG00000030994,D2J0Y4,A0A571BF30;A0ACM8Q217;D2J0Y4;G3UY66;G3UZA2;G3UZF7;G3UZQ0,True,RESOLVED_EXPLICIT_GENE_CENTRIC_REPRESENTATIVE
ENSMUSG00000001741,O54824,D3Z3C7;D6RI15;O54824,True,RESOLVED_EXPLICIT_GENE_CENTRIC_REPRESENTATIVE
ENSMUSG00000024066,Q00519,A0A3B2W454;A0A3B2WBF8;A0A3B2WDA8;Q00519,True,RESOLVED_EXPLICIT_GENE_CENTRIC_REPRESENTATIVE
ENSMUSG00000036972,Q61467,G3UXS7;G3UY76;G3UYE7;G3UZ66;Q61467,True,RESOLVED_EXPLICIT_GENE_CENTRIC_REPRESENTATIVE
ENSMUSG00000022013,Q78YY6,A0A2K6EDK0;Q78YY6,True,RESOLVED_EXPLICIT_GENE_CENTRIC_REPRESENTATIVE
ENSMUSG00000030147,F6XT39,F6XT39;F7CSR5,True,RESOLVED_EXPLICIT_GENE_CENTRIC_REPRESENTATIVE
ENSMUSG00000030562,Q9JHI8,D3Z2E1;Q9JHI8;S4R1R3,True,RESOLVED_EXPLICIT_GENE_CENTRIC_REPRESENTATIVE
ENSMUSG00000026977,Q9WV66,F7B2M7;Q9WV66,True,RESOLVED_EXPLICIT_GENE_CENTRIC_REPRESENTATIVE
ENSMUSG00000020547,Q91VK1,A0A1Y7VIU9;A0A1Y7VJ43;A0A1Y7VKZ4;A0A1Y7VM24;A0A1Y7VM47;Q91VK1,True,RESOLVED_EXPLICIT_GENE_CENTRIC_REPRESENTATIVE
ENSMUSG00000078578,P61079,A0A0G2JE32;A0A0G2JEG5;A0A0G2JF40;A0A0G2JGL0;A0A0G2JGZ3;P61079,True,RESOLVED_EXPLICIT_GENE_CENTRIC_REPRESENTATIVE
ENSMUSG00000004455,P63087,A0A0G2JE42;A0A0G2JEB0;A0A0G2JF34;A0A0G2JFF1;A0A0G2JGC1;P63087,True,RESOLVED_EXPLICIT_GENE_CENTRIC_REPRESENTATIVE
ENSMUSG00000021236,Q9WUZ9,F8WGZ2;Q9WUZ9,True,RESOLVED_EXPLICIT_GENE_CENTRIC_REPRESENTATIVE
ENSMUSG00000074259,Q3V3G7,D3YVC0;F6W980;Q3V3G7,True,RESOLVED_EXPLICIT_GENE_CENTRIC_REPRESENTATIVE
ENSMUSG00000028128,P20352,A0A0G2JGS5;A0A0R4J088,True,REPRESENTATIVE_LACKS_ORIGINAL_EXACT_GENE_LINK
ENSMUSG00000032127,Q91W86,A0A1L1SQ62;A0A1L1SRH3;A0A1L1STI8;A0A1L1SV27;Q91W86,True,RESOLVED_EXPLICIT_GENE_CENTRIC_REPRESENTATIVE
ENSMUSG00000043017,P43252,E9PY53;P43252,True,RESOLVED_EXPLICIT_GENE_CENTRIC_REPRESENTATIVE
ENSMUSG00000029484,O35639,A0A0G2JDV9;A0A0G2JFB3;A0A0G2JGA7;A0A0G2JGL7;O35639,True,RESOLVED_EXPLICIT_GENE_CENTRIC_REPRESENTATIVE
ENSMUSG00000024411,P55088,A0A0R4J0Z3;A0A3Q4EI78;A0A5F8MQ17;P55088,True,REPRESENTATIVE_ONLY_NONCANONICAL_OR_UNRESOLVED_ISOFORM_XREF
ENSMUSG00000027412,Q99PI4,A2A4B1;A2A4B3;Q99PI4,True,RESOLVED_EXPLICIT_GENE_CENTRIC_REPRESENTATIVE
ENSMUSG00000032018,O88822,A0A1L1SSH0;O88822,True,RESOLVED_EXPLICIT_GENE_CENTRIC_REPRESENTATIVE
ENSMUSG00000040592,P15530,B1ARJ9;P15530,True,RESOLVED_EXPLICIT_GENE_CENTRIC_REPRESENTATIVE
ENSMUSG00000028613,Q924X6,A0A571BDC7;A0A571BDQ2;A0A571BE60;A0A571BE80;A0A571BEC8;A0A571BEF2;A0A571BGD2;B1AXJ3;B1AXJ4;B1AXJ5;B1AXJ6;F6YZZ8;Q924X6,True,RESOLVED_EXPLICIT_GENE_CENTRIC_REPRESENTATIVE
ENSMUSG00000006344,Q9Z2A9,A0A087WNR3;A0A087WSM3;A0A1W2P6K4;Q9Z2A9,True,RESOLVED_EXPLICIT_GENE_CENTRIC_REPRESENTATIVE
ENSMUSG00000040272,A2AIG8,A2AIG8;A2AIG9;F6RIQ1,True,RESOLVED_EXPLICIT_GENE_CENTRIC_REPRESENTATIVE
ENSMUSG00000052911,Q61292,A0A0A6YWI2;A0A0A6YWY6;A0A0A6YY71;Q61292,True,RESOLVED_EXPLICIT_GENE_CENTRIC_REPRESENTATIVE
ENSMUSG00000035242,P54369,J3QM60;J3QM96;J3QME8;J3QMV2;P54369,True,RESOLVED_EXPLICIT_GENE_CENTRIC_REPRESENTATIVE
ENSMUSG00000009596,Q9D3R9,B1AV36;Q9D3R9,True,RESOLVED_EXPLICIT_GENE_CENTRIC_REPRESENTATIVE
ENSMUSG00000030208,P47801,P47801;S4R2U4,True,RESOLVED_EXPLICIT_GENE_CENTRIC_REPRESENTATIVE
ENSMUSG00000028086,Q8VBV4,D3YUA8;Q8VBV4,True,RESOLVED_EXPLICIT_GENE_CENTRIC_REPRESENTATIVE
ENSMUSG00000074218,P56392,A0A140LIU4;P56392,True,RESOLVED_EXPLICIT_GENE_CENTRIC_REPRESENTATIVE
ENSMUSG00000019461,Q9JIZ9,Q5F284;Q9JIZ9,True,RESOLVED_EXPLICIT_GENE_CENTRIC_REPRESENTATIVE
ENSMUSG00000039307,Q3U4H6,B1AXL0;F6UV46;F7B4F0;Q3U4H6,True,RESOLVED_EXPLICIT_GENE_CENTRIC_REPRESENTATIVE
ENSMUSG00000048387,Q9WVG7,A0A1W2P7S2;Q9WVG7,True,RESOLVED_EXPLICIT_GENE_CENTRIC_REPRESENTATIVE
ENSMUSG00000002249,P70210,A0A3F2YNR7;F6TTJ9;F8VPU0;P70210,True,RESOLVED_EXPLICIT_GENE_CENTRIC_REPRESENTATIVE
ENSMUSG00000005312,Q8R317,A0A286YE09;Q8R317,True,RESOLVED_EXPLICIT_GENE_CENTRIC_REPRESENTATIVE
ENSMUSG00000039831,Q8CGF1,A0A0G2JEL5;A0A0G2JEY0;A0A0G2JGF7;A0A0G2JGF8;Q8CGF1,True,RESOLVED_EXPLICIT_GENE_CENTRIC_REPRESENTATIVE
ENSMUSG00000072889,E9Q8I7,E9PZN0;E9Q3K1;E9Q8I7,True,RESOLVED_EXPLICIT_GENE_CENTRIC_REPRESENTATIVE
ENSMUSG00000035699,Q8R000,A0A338P6E4;Q8R000,True,RESOLVED_EXPLICIT_GENE_CENTRIC_REPRESENTATIVE
ENSMUSG00000040488,Q8K4G1,D3Z598;F6W6Z0;Q8K4G1,True,RESOLVED_EXPLICIT_GENE_CENTRIC_REPRESENTATIVE
ENSMUSG00000005107,Q3T9X0,A0A5H1ZRL6;A0A5H1ZRL9;A0A5H1ZRN5;Q3T9X0,True,RESOLVED_EXPLICIT_GENE_CENTRIC_REPRESENTATIVE
ENSMUSG00000020863,Q5SUF2,F7A7G1;F7CR21;F8WGA8;Q5SUF2,True,RESOLVED_EXPLICIT_GENE_CENTRIC_REPRESENTATIVE
ENSMUSG00000023336,Q9ESH5,A0A1D5RLN2;Q9ESH5,True,RESOLVED_EXPLICIT_GENE_CENTRIC_REPRESENTATIVE
ENSMUSG00000029004,Q3UG20,A0A087WSN9;A0A0A6YW47;A0A0G2JDX7;A0A0G2JDZ2;A0A0G2JH19;Q3UG20,True,RESOLVED_EXPLICIT_GENE_CENTRIC_REPRESENTATIVE
ENSMUSG00000053644,Q9DBF1,E9Q1G1;E9Q1H3;G3UY72;G3UYR8;Q9DBF1,True,RESOLVED_EXPLICIT_GENE_CENTRIC_REPRESENTATIVE
ENSMUSG00000048482,P21237,H9H9S8;P21237,True,RESOLVED_EXPLICIT_GENE_CENTRIC_REPRESENTATIVE
ENSMUSG00000026080,Q6PGK7,A0A0A6YVW5;A0A0A6YWA7;A0A0A6YWB7;A0A0A6YWM2;A0A0A6YXK3;F8WIW4;Q6PGK7,True,RESOLVED_EXPLICIT_GENE_CENTRIC_REPRESENTATIVE
ENSMUSG00000042626,P98083,D3YXZ9;D3YZV5;D3Z2I8;D3Z5U6;P98083,True,RESOLVED_EXPLICIT_GENE_CENTRIC_REPRESENTATIVE
ENSMUSG00000027952,Q9D1G2,D3YXP6;Q9D1G2,True,RESOLVED_EXPLICIT_GENE_CENTRIC_REPRESENTATIVE
ENSMUSG00000052675,Q0VAW7,A0A1L1SUE1;Q0VAW7,True,RESOLVED_EXPLICIT_GENE_CENTRIC_REPRESENTATIVE
ENSMUSG00000074207,P00329,E0CXV3;P00329,True,RESOLVED_EXPLICIT_GENE_CENTRIC_REPRESENTATIVE
ENSMUSG00000038095,Q689Z5,A0A0G2JDL6;A0A0G2JDS5;A0A0G2JEM3;A0A0G2JF11;A0A0G2JF99;A0A0G2JFU7;A0A0G2JG63;A0A0G2JGC7;A0A0G2JGI0;F7CVW0,True,REPRESENTATIVE_LACKS_ORIGINAL_EXACT_GENE_LINK
ENSMUSG00000042607,Q9WV71,Q9WV71;V9GXN7,True,RESOLVED_EXPLICIT_GENE_CENTRIC_REPRESENTATIVE
ENSMUSG00000010760,O08969,A0A140LIM7;O08969,True,RESOLVED_EXPLICIT_GENE_CENTRIC_REPRESENTATIVE
ENSMUSG00000041361,Q3UIJ9,A0AAQ4VMU1;E9PWY8;E9Q4R0;E9Q565;Q3UIJ9,True,RESOLVED_EXPLICIT_GENE_CENTRIC_REPRESENTATIVE
ENSMUSG00000057897,P28652,F6R2Q9;P28652;Q5SVI0;Q5SVI1;Q5SVI2;Q5SVI3;Q5SVI9;Q5SVJ0;Q5SVJ1,True,RESOLVED_EXPLICIT_GENE_CENTRIC_REPRESENTATIVE
ENSMUSG00000021936,Q91Y86,A0A2I3BPL3;D3Z1Z4;F6RNZ9;F8WIL5;G3X8U9;Q91Y86,True,RESOLVED_EXPLICIT_GENE_CENTRIC_REPRESENTATIVE
ENSMUSG00000033419,Q61548,A0A087WSI9;A0A5F8MPL3;E9Q9A3;E9QLK9;E9QQ05;F6WAW5,True,REPRESENTATIVE_LACKS_ORIGINAL_EXACT_GENE_LINK
ENSMUSG00000025220,Q9EQQ9,A0A494B913;A0A494BAA3;Q9EQQ9,True,RESOLVED_EXPLICIT_GENE_CENTRIC_REPRESENTATIVE
ENSMUSG00000044534,O08707,A0A1L1ST82;A0A1L1SV85;O08707,True,RESOLVED_EXPLICIT_GENE_CENTRIC_REPRESENTATIVE
ENSMUSG00000046731,Q8K485,A0A5K1VVR8;Q8K485,True,RESOLVED_EXPLICIT_GENE_CENTRIC_REPRESENTATIVE
ENSMUSG00000049649,P35413,B1AUM8;P35413,True,RESOLVED_EXPLICIT_GENE_CENTRIC_REPRESENTATIVE
ENSMUSG00000061474,Q9CQX8,F7B8T7;Q9CQX8,True,RESOLVED_EXPLICIT_GENE_CENTRIC_REPRESENTATIVE
ENSMUSG00000046056,Q8CIT9,A0A0R4J2A5;E9QPB2;S4R1Y7;S4R2I1,True,REPRESENTATIVE_LACKS_ORIGINAL_EXACT_GENE_LINK
ENSMUSG00000027534,Q8C080,A0A0A6YVR3;F6RLI8;Q8C080,True,RESOLVED_EXPLICIT_GENE_CENTRIC_REPRESENTATIVE
ENSMUSG00000000555,P11688,A0A1L1SQ20;P11688,True,RESOLVED_EXPLICIT_GENE_CENTRIC_REPRESENTATIVE
ENSMUSG00000022146,O70458,A0A0R4J268;G3X8V6,True,REPRESENTATIVE_LACKS_ORIGINAL_EXACT_GENE_LINK
ENSMUSG00000007080,Q9WVF7,E9QAP5;E9QAP6;Q9WVF7,True,RESOLVED_EXPLICIT_GENE_CENTRIC_REPRESENTATIVE
ENSMUSG00000022091,Q9R1Z8,A0A2I3BQI3;A0A2I3BS41;Q9R1Z8,True,RESOLVED_EXPLICIT_GENE_CENTRIC_REPRESENTATIVE
ENSMUSG00000035697,Q3TBD2,D3Z7R7;G3X9Q3;Q3TBD2,True,REPRESENTATIVE_ONLY_NONCANONICAL_OR_UNRESOLVED_ISOFORM_XREF
ENSMUSG00000016918,Q8K007,A0A087WR86;A0A087WS44;A0A0G2JDD4;A0A0R4J2D2;Q8K007,True,RESOLVED_EXPLICIT_GENE_CENTRIC_REPRESENTATIVE
ENSMUSG00000053470,Q6PCM1,A0A0U1RNV6;A0A0U1RPI3;Q6PCM1,True,RESOLVED_EXPLICIT_GENE_CENTRIC_REPRESENTATIVE
ENSMUSG00000058388,Q9QZ09,D3YTP5;D3Z6K3;D6RIJ6;F6RHY3;F7BD86;Q9QZ09,True,RESOLVED_EXPLICIT_GENE_CENTRIC_REPRESENTATIVE
ENSMUSG00000036390,P48316,A0A0N4SVJ9;A0A0N4SW99;P48316,True,RESOLVED_EXPLICIT_GENE_CENTRIC_REPRESENTATIVE
ENSMUSG00000026344,Q8BLC3,E0CXP0;F6TKE8;Q8BLC3,True,RESOLVED_EXPLICIT_GENE_CENTRIC_REPRESENTATIVE
ENSMUSG00000014856,Q9CR96,D3Z7S5;Q9CR96;S4R1H6,True,RESOLVED_EXPLICIT_GENE_CENTRIC_REPRESENTATIVE
ENSMUSG00000038860,Q3V0G7,A0A0A6YWF1;A0A0A6YXP5;A2AHW8;A2AUQ6;B1AW31;Q3V0G7,True,RESOLVED_EXPLICIT_GENE_CENTRIC_REPRESENTATIVE
ENSMUSG00000046318,Q3MI99,A0A494B905;A0A494BA41;A0A494BA47;Q3MI99,True,RESOLVED_EXPLICIT_GENE_CENTRIC_REPRESENTATIVE
ENSMUSG00000074575,A2BDX4,A2BDX4;A2BDX5,True,RESOLVED_EXPLICIT_GENE_CENTRIC_REPRESENTATIVE
ENSMUSG00000021728,P21995,A0A286YE53;P21995,True,RESOLVED_EXPLICIT_GENE_CENTRIC_REPRESENTATIVE
ENSMUSG00000019947,Q8BM75,A0A1X7SB62;Q8BM75,True,RESOLVED_EXPLICIT_GENE_CENTRIC_REPRESENTATIVE
ENSMUSG00000025350,O55240,D3YWG0;D3YZQ7;D3Z0N7;F7CWI9;O55240,True,RESOLVED_EXPLICIT_GENE_CENTRIC_REPRESENTATIVE
ENSMUSG00000041440,Q8BX05,D6RCU4;Q8BX05,True,RESOLVED_EXPLICIT_GENE_CENTRIC_REPRESENTATIVE
ENSMUSG00000079481,B1AXH1,A0A0G2JFH6;B1AXG8;B1AXH1,True,RESOLVED_EXPLICIT_GENE_CENTRIC_REPRESENTATIVE
ENSMUSG00000056167,Q8BH15,A0A1L1SQA7;A0A1L1SQF2;A0A1L1SS47;A0A1L1SSE2;A0A5F8MPB8;Q8BH15,True,RESOLVED_EXPLICIT_GENE_CENTRIC_REPRESENTATIVE
ENSMUSG00000046727,Q8K353,A0A494BBD6;D3YVS7;D3YWV2;Q8K353,True,RESOLVED_EXPLICIT_GENE_CENTRIC_REPRESENTATIVE
ENSMUSG00000002109,Q99J79,A2AGR6;Q99J79,True,RESOLVED_EXPLICIT_GENE_CENTRIC_REPRESENTATIVE
ENSMUSG00000024378,Q99JV5,D3YW24;D3YW30;F6TV46,True,REPRESENTATIVE_LACKS_ORIGINAL_EXACT_GENE_LINK
ENSMUSG00000028607,P52825,A2A8E7;A2A8E8;A2A8E9;P52825,True,RESOLVED_EXPLICIT_GENE_CENTRIC_REPRESENTATIVE
ENSMUSG00000074111,A0A140T8U8,A0A140T8U8;L7N225,True,RESOLVED_EXPLICIT_GENE_CENTRIC_REPRESENTATIVE
ENSMUSG00000025372,Q8BKX1,B1AZ46;Q8BKX1,True,RESOLVED_EXPLICIT_GENE_CENTRIC_REPRESENTATIVE
ENSMUSG00000022324,O08746,A0A2I3BRF3;A0A2I3BRV5;O08746,True,RESOLVED_EXPLICIT_GENE_CENTRIC_REPRESENTATIVE
ENSMUSG00000034353,Q9WTJ5,A0A087WPC6;E9Q915;Q9WTJ5,True,RESOLVED_EXPLICIT_GENE_CENTRIC_REPRESENTATIVE
ENSMUSG00000026675,O88736,F6W2I7;O88736,True,RESOLVED_EXPLICIT_GENE_CENTRIC_REPRESENTATIVE
ENSMUSG00000028020,P48168,A0A0A6YY73;E9PV81;E9Q3E3;E9Q9K1;P48168,True,RESOLVED_EXPLICIT_GENE_CENTRIC_REPRESENTATIVE
ENSMUSG00000028262,F7AZR3,A0A0G2JFW5;A0A0G2JGF3;F7AZR3,True,RESOLVED_EXPLICIT_GENE_CENTRIC_REPRESENTATIVE
ENSMUSG00000049281,Q8BHK2,A0A1L1SRT9;H3BJR6;H3BKP5;Q8BHK2,True,RESOLVED_EXPLICIT_GENE_CENTRIC_REPRESENTATIVE
ENSMUSG00000017002,P97430,E9Q4A3;E9Q748;P97430,True,RESOLVED_EXPLICIT_GENE_CENTRIC_REPRESENTATIVE
ENSMUSG00000027394,P38585,F6ZXS5;P38585,True,RESOLVED_EXPLICIT_GENE_CENTRIC_REPRESENTATIVE
ENSMUSG00000033760,Q8VE92,A0A494B9C0;A0A494B9W4;A0A494BAP6;Q8VE92;S4R1A6,True,RESOLVED_EXPLICIT_GENE_CENTRIC_REPRESENTATIVE
ENSMUSG00000004207,Q61207,E9PZ00;F7D9Z9;J3QPG5;Q61207,True,RESOLVED_EXPLICIT_GENE_CENTRIC_REPRESENTATIVE
ENSMUSG00000022389,Q9JLC6,E9Q331;E9Q3N8;Q9JLC6,True,RESOLVED_EXPLICIT_GENE_CENTRIC_REPRESENTATIVE
ENSMUSG00000027797,Q9JLM8,A0A0G2JE54;A0A0G2JEA8;A0A0G2JEN4;A0A0G2JF43;A0A0G2JGC0;A0A0G2JGH1;A0A0G2JGQ6;A0A0G2JGR9;F7AUF3;H7BX36;Q9JLM8,True,RESOLVED_EXPLICIT_GENE_CENTRIC_REPRESENTATIVE
ENSMUSG00000062168,O35655,B7ZCG2;F6WQJ9;O35655,True,RESOLVED_EXPLICIT_GENE_CENTRIC_REPRESENTATIVE
ENSMUSG00000031099,Q6PGB8,F6QS43;F6Z6F4;H3BKX6;Q6PGB8,True,RESOLVED_EXPLICIT_GENE_CENTRIC_REPRESENTATIVE
ENSMUSG00000021037,Q8BK64,A0A1Y7VM19;Q8BK64,True,RESOLVED_EXPLICIT_GENE_CENTRIC_REPRESENTATIVE
ENSMUSG00000073838,Q8BFR5,A0A0U1RNQ6;A0A0U1RPC4;Q8BFR5,True,RESOLVED_EXPLICIT_GENE_CENTRIC_REPRESENTATIVE
ENSMUSG00000001768,Q9D684,E0CYG9;E0CZD2;F8WGD2;Q9D684,True,RESOLVED_EXPLICIT_GENE_CENTRIC_REPRESENTATIVE
ENSMUSG00000040943,Q4JK59,A0A0G2JF55;A0A0G2JG87;A0A0G2JGM1;Q4JK59,True,RESOLVED_EXPLICIT_GENE_CENTRIC_REPRESENTATIVE
ENSMUSG00000008450,P61971,A0A1D5RLR1;P61971,True,RESOLVED_EXPLICIT_GENE_CENTRIC_REPRESENTATIVE
ENSMUSG00000034320,Q62273,E9PZ06;F8WI08;Q62273,True,RESOLVED_EXPLICIT_GENE_CENTRIC_REPRESENTATIVE
ENSMUSG00000032594,Q6PD10,A0A0A6YVR5;F7CWH3;H3BIW9;H3BKD8;H3BKZ2;H3BLD6;Q6PD10,True,RESOLVED_EXPLICIT_GENE_CENTRIC_REPRESENTATIVE
ENSMUSG00000031486,Q91ZV8,J3QMG7;J3QPB6;J3QPS6;Q91ZV8,True,RESOLVED_EXPLICIT_GENE_CENTRIC_REPRESENTATIVE
ENSMUSG00000068749,Q9Z2U1,A0A0G2JF97;Q9Z2U1,True,RESOLVED_EXPLICIT_GENE_CENTRIC_REPRESENTATIVE
ENSMUSG00000072949,O55137,A0A1Y7VMQ6;O55137,True,RESOLVED_EXPLICIT_GENE_CENTRIC_REPRESENTATIVE
ENSMUSG00000024292,Q9EP75,A0A3Q4EC89;A0A3Q4EHX3;Q9EP75,True,RESOLVED_EXPLICIT_GENE_CENTRIC_REPRESENTATIVE
ENSMUSG00000019970,Q9WVC6,D3YV51;D3YXA3;D3Z0E8;E9Q1B0;E9Q8C1;F6RKM6;Q9WVC6,True,RESOLVED_EXPLICIT_GENE_CENTRIC_REPRESENTATIVE
ENSMUSG00000022111,Q9JKB1,A0A2I3BQ39;Q9JKB1,True,RESOLVED_EXPLICIT_GENE_CENTRIC_REPRESENTATIVE
ENSMUSG00000004110,Q61290,A0A087WS83;A0A1D5RLU3;A0A2I3BPS0;A0A571BF18,True,REPRESENTATIVE_LACKS_ORIGINAL_EXACT_GENE_LINK
ENSMUSG00000021277,Q60803,D3Z343;F6SVF1;Q60803,True,RESOLVED_EXPLICIT_GENE_CENTRIC_REPRESENTATIVE
ENSMUSG00000044783,Q6PG16,D6RI36;E9Q4T0;E9QKG8;F6XR06,True,REPRESENTATIVE_LACKS_ORIGINAL_EXACT_GENE_LINK
ENSMUSG00000056900,Q5BKP2,F6ZE47;G3UXT9;J3QSN2;Q5BKP2,True,RESOLVED_EXPLICIT_GENE_CENTRIC_REPRESENTATIVE
ENSMUSG00000049115,P29754,A0A1Y7VIT7;A0A1Y7VJY2;A0A1Y7VL16;A0A1Y7VMR7;P29754,True,RESOLVED_EXPLICIT_GENE_CENTRIC_REPRESENTATIVE
ENSMUSG00000002107,Q9Z0H4,A0A0R4J2B0;A0AAA9WVX7;A3KGT0;E9QA47;Q9Z0H4;S4R1S7;S4R2J2;S4R2L5;S4R2S7;S4R2U1;S4R2U7;V9GX43,True,RESOLVED_EXPLICIT_GENE_CENTRIC_REPRESENTATIVE
ENSMUSG00000024053,Q8K482,A0A3B2W437;A0A3B2W4E4;A0A3B2W846;A0A3B2WB50;A0A3B2WD46;A0A3F2YNI4;Q8K482,True,RESOLVED_EXPLICIT_GENE_CENTRIC_REPRESENTATIVE
ENSMUSG00000031666,Q64700,A0A1B0GR06;A0A1B0GRM0;Q64700,True,RESOLVED_EXPLICIT_GENE_CENTRIC_REPRESENTATIVE
ENSMUSG00000059743,Q920E5,A0A0G2JDJ5;A0A0G2JE82;A0A0G2JEB3;Q920E5,True,RESOLVED_EXPLICIT_GENE_CENTRIC_REPRESENTATIVE
ENSMUSG00000041417,P26450,A0A087WQM2;A0A087WQR5;F8WJK6;P26450,True,RESOLVED_EXPLICIT_GENE_CENTRIC_REPRESENTATIVE
ENSMUSG00000070604,D3YZF7,A0A0N4SUI1;A0A0N4SW54;D3YZF7,True,RESOLVED_EXPLICIT_GENE_CENTRIC_REPRESENTATIVE
ENSMUSG00000030096,O35316,A0A0U1RP20;A0A0U1RPH7;A0A0U1RQA0;A0A0U1RQA5;O35316,True,RESOLVED_EXPLICIT_GENE_CENTRIC_REPRESENTATIVE
ENSMUSG00000032281,Q99PU5,D3YZ56;D3Z1Z2;D3Z2G8;Q99PU5,True,RESOLVED_EXPLICIT_GENE_CENTRIC_REPRESENTATIVE
ENSMUSG00000036353,Q9CPV9,A0A0G2JGU7;Q9CPV9,True,RESOLVED_EXPLICIT_GENE_CENTRIC_REPRESENTATIVE
ENSMUSG00000048355,C0HK79,C0HK79,False,MULTIPLE_GENE_CENTRIC_REPRESENTATIVES
ENSMUSG00000048355,C0HK80,C0HK80,False,MULTIPLE_GENE_CENTRIC_REPRESENTATIVES
ENSMUSG00000029752,Q61024,D3YYR0;D3Z028;D3Z0C2;Q61024,True,RESOLVED_EXPLICIT_GENE_CENTRIC_REPRESENTATIVE
ENSMUSG00000059772,Q8BX32,D6RE55;Q8BX32,True,RESOLVED_EXPLICIT_GENE_CENTRIC_REPRESENTATIVE
ENSMUSG00000095362,A2AW67,A0A087WRL6;A2AW67;K7N6R3,True,RESOLVED_EXPLICIT_GENE_CENTRIC_REPRESENTATIVE
ENSMUSG00000026020,Q6DFW4,A0A087WNS6;A0A087WNW0;A0A087WP00;A0A087WQ46;A0A087WQ59;A0A087WRD9;A0A087WSL8;A0A087WSU5;A0A0A0MQ76;Q6DFW4,True,RESOLVED_EXPLICIT_GENE_CENTRIC_REPRESENTATIVE
ENSMUSG00000063011,Q61468,A0A494B9A6;A0A494B9J7;Q61468,True,RESOLVED_EXPLICIT_GENE_CENTRIC_REPRESENTATIVE
ENSMUSG00000022773,Q9ESC7,A0A338P6Z8;A0A338P714;A0A338P792;A0A5F8MPC6;Q9ESC7,True,RESOLVED_EXPLICIT_GENE_CENTRIC_REPRESENTATIVE
ENSMUSG00000028060,Q3TCX3,A0A0G2JEG2;Q3TCX3,True,RESOLVED_EXPLICIT_GENE_CENTRIC_REPRESENTATIVE
ENSMUSG00000033633,Q7TSQ1,A0A087WP55;A0A087WPI3;A0A087WRN2;Q7TSQ1,True,RESOLVED_EXPLICIT_GENE_CENTRIC_REPRESENTATIVE
ENSMUSG00000006800,Q8CFG0,A0A2I3BQT7;A0A2I3BRT8;Q8CFG0,True,RESOLVED_EXPLICIT_GENE_CENTRIC_REPRESENTATIVE
ENSMUSG00000027843,P29352,E9QAS3;P29352,True,RESOLVED_EXPLICIT_GENE_CENTRIC_REPRESENTATIVE
ENSMUSG00000035877,Q8C0Q2,F6V503;H3BIX6;Q8C0Q2,True,RESOLVED_EXPLICIT_GENE_CENTRIC_REPRESENTATIVE
ENSMUSG00000002699,Q60787,B1ATD1;Q60787,True,RESOLVED_EXPLICIT_GENE_CENTRIC_REPRESENTATIVE
ENSMUSG00000028108,Q61508,D3YV22;D3YV64;D3YZV0;D3Z038;D3Z0U9;D3Z772;F8WI14;Q61508,True,RESOLVED_EXPLICIT_GENE_CENTRIC_REPRESENTATIVE
ENSMUSG00000046818,Q8VHZ5,E9Q253;Q8VHZ5,True,RESOLVED_EXPLICIT_GENE_CENTRIC_REPRESENTATIVE
ENSMUSG00000051648,Q562E2,E9PVN1;F7CJT5;Q562E2,True,RESOLVED_EXPLICIT_GENE_CENTRIC_REPRESENTATIVE
ENSMUSG00000022332,Q9R226,A0A2R8VHM1;A0A2R8VJR4;Q9R226,True,RESOLVED_EXPLICIT_GENE_CENTRIC_REPRESENTATIVE
ENSMUSG00000059173,Q61481,A2ASF9;F6X0V1;Q61481,True,RESOLVED_EXPLICIT_GENE_CENTRIC_REPRESENTATIVE
ENSMUSG00000024300,P70248,G3UZR3;G3V011;Q8CG29,True,REPRESENTATIVE_LACKS_ORIGINAL_EXACT_GENE_LINK
ENSMUSG00000006360,P63254,A0A0G2JEK2;P63254,True,RESOLVED_EXPLICIT_GENE_CENTRIC_REPRESENTATIVE
ENSMUSG00000042961,Q4VBE4,E0CXM4;Q4VBE4,True,RESOLVED_EXPLICIT_GENE_CENTRIC_REPRESENTATIVE
ENSMUSG00000018909,Q8BWG8,E0CY53;E0CYB1;F7DF62;J3QNU6;Q8BWG8,True,RESOLVED_EXPLICIT_GENE_CENTRIC_REPRESENTATIVE
ENSMUSG00000024677,Q99N09,F6TGK4;Q99N09,True,RESOLVED_EXPLICIT_GENE_CENTRIC_REPRESENTATIVE
ENSMUSG00000069844,Q5SUC9,Q5SUC9;Q5SUD5,True,RESOLVED_EXPLICIT_GENE_CENTRIC_REPRESENTATIVE
ENSMUSG00000039313,Q8K3V7,A0A087WS88;Q8K3V7,True,RESOLVED_EXPLICIT_GENE_CENTRIC_REPRESENTATIVE
ENSMUSG00000078451,Q9D6D8,A0A1L1SS02;Q9D6D8,True,RESOLVED_EXPLICIT_GENE_CENTRIC_REPRESENTATIVE
ENSMUSG00000054717,P30681,A0A1B0GQX9;P30681,True,RESOLVED_EXPLICIT_GENE_CENTRIC_REPRESENTATIVE
ENSMUSG00000066892,Q9EPX5,A0A0R4J1Q8;A0A0R4J1W2;D3YWZ8;D3YY70;Q9EPX5,True,RESOLVED_EXPLICIT_GENE_CENTRIC_REPRESENTATIVE
ENSMUSG00000028444,O88507,A2AMR7;O88507,True,RESOLVED_EXPLICIT_GENE_CENTRIC_REPRESENTATIVE
ENSMUSG00000032023,E9Q793,A0A5H1ZRM4;E9Q793,True,RESOLVED_EXPLICIT_GENE_CENTRIC_REPRESENTATIVE
ENSMUSG00000041679,A0A1B0GQY9,A0A1B0GQY9;A0A1B0GR77;F6SF53,True,RESOLVED_EXPLICIT_GENE_CENTRIC_REPRESENTATIVE
ENSMUSG00000078958,D3Z5W0,D3Z5W0;S4R1Q9;S4R264;S4R2U6,True,RESOLVED_EXPLICIT_GENE_CENTRIC_REPRESENTATIVE
ENSMUSG00000072774,A0A087WRH0,A0A087WRH0;F8VPV1,True,RESOLVED_EXPLICIT_GENE_CENTRIC_REPRESENTATIVE
ENSMUSG00000028125,O35600,A0A0G2JGG8;O35600,True,RESOLVED_EXPLICIT_GENE_CENTRIC_REPRESENTATIVE
ENSMUSG00000028413,P15535,B1AXY5;P15535,True,RESOLVED_EXPLICIT_GENE_CENTRIC_REPRESENTATIVE
ENSMUSG00000038506,Q8BZJ7,A0A0N4SW71;A0A0N4SW97;G5E8Q5;G5E8Q6;Q8BZJ7,True,RESOLVED_EXPLICIT_GENE_CENTRIC_REPRESENTATIVE
ENSMUSG00000031328,Q8BTM8,A0A668KLG7;B7FAU9;B7FAV1;F6XC15;F6Z2C0;F7AVL7;J9JI89;Q8BTM8,True,RESOLVED_EXPLICIT_GENE_CENTRIC_REPRESENTATIVE
ENSMUSG00000028391,Q9JHB4,B7ZCH4;B7ZCH5;B7ZCH6;Q9JHB4,True,RESOLVED_EXPLICIT_GENE_CENTRIC_REPRESENTATIVE
ENSMUSG00000037161,Q8VI64,D3Z134;G3X9T4;Q8VI64,True,RESOLVED_EXPLICIT_GENE_CENTRIC_REPRESENTATIVE
ENSMUSG00000031775,Q9DCU2,A0A1D5RMD2;Q9DCU2,True,RESOLVED_EXPLICIT_GENE_CENTRIC_REPRESENTATIVE
ENSMUSG00000025870,Q9QXJ4,D3Z4X7;F6ZTU1;Q9QXJ4,True,RESOLVED_EXPLICIT_GENE_CENTRIC_REPRESENTATIVE
ENSMUSG00000006517,Q99JF5,A0A1D5RLX3;Q99JF5,True,RESOLVED_EXPLICIT_GENE_CENTRIC_REPRESENTATIVE
ENSMUSG00000032469,Q923B1,D3YXA2;F6S2R9;F6SDN8;F6UCV1;F6ZYX6;Q923B1,True,RESOLVED_EXPLICIT_GENE_CENTRIC_REPRESENTATIVE
ENSMUSG00000025888,P29452,A0A571BDI1;A0A571BF22;P29452,True,RESOLVED_EXPLICIT_GENE_CENTRIC_REPRESENTATIVE
ENSMUSG00000037465,O89091,A0A2I3BPZ3;A0A2I3BQ59;A0A2I3BQQ2;A0A2I3BRQ2;A0A2I3BRS7;O89091,True,RESOLVED_EXPLICIT_GENE_CENTRIC_REPRESENTATIVE
ENSMUSG00000022951,Q9JHG6,A0A338P7E2;Q9JHG6,True,RESOLVED_EXPLICIT_GENE_CENTRIC_REPRESENTATIVE
ENSMUSG00000034110,Q8BJK1,A0A0J9YU06;F6QXA3;Q8BJK1,True,RESOLVED_EXPLICIT_GENE_CENTRIC_REPRESENTATIVE
ENSMUSG00000032802,Q9D975,A2AQU8;Q9D975,True,RESOLVED_EXPLICIT_GENE_CENTRIC_REPRESENTATIVE
ENSMUSG00000072640,Q3UN90,E9PX24;Q3UN90,True,RESOLVED_EXPLICIT_GENE_CENTRIC_REPRESENTATIVE
ENSMUSG00000022488,Q8K1X4,A0A2R8VHC4;Q8K1X4,True,RESOLVED_EXPLICIT_GENE_CENTRIC_REPRESENTATIVE
ENSMUSG00000032925,Q8VDV0,B1B1E3;Q8VDV0,True,RESOLVED_EXPLICIT_GENE_CENTRIC_REPRESENTATIVE
ENSMUSG00000049878,A2A7F4,A2A7F4;E9Q532,True,RESOLVED_EXPLICIT_GENE_CENTRIC_REPRESENTATIVE
ENSMUSG00000001729,P31750,D3YXX3;D3YYP9;D3Z783;P31750,True,RESOLVED_EXPLICIT_GENE_CENTRIC_REPRESENTATIVE
ENSMUSG00000026254,Q8BMB3,D3YUV9;D3Z729;D3Z730;F7A1N2;F7A1P0;G3X9H1;M0QWD1;Q8BMB3,True,RESOLVED_EXPLICIT_GENE_CENTRIC_REPRESENTATIVE
ENSMUSG00000010554,Q9CQG2,F8WHZ7;Q5SW13;Q5SW15;Q9CQG2,True,RESOLVED_EXPLICIT_GENE_CENTRIC_REPRESENTATIVE
ENSMUSG00000028096,Q8BS95,D6RI66;Q8BS95,True,RESOLVED_EXPLICIT_GENE_CENTRIC_REPRESENTATIVE
ENSMUSG00000021252,Q9ERY9,D3YUR8;Q9ERY9,True,RESOLVED_EXPLICIT_GENE_CENTRIC_REPRESENTATIVE
ENSMUSG00000036850,Q9CQN7,A0A0A6YXF9;Q9CQN7,True,RESOLVED_EXPLICIT_GENE_CENTRIC_REPRESENTATIVE
ENSMUSG00000040451,Q8VCQ6,A0A494BA77;D3YV54;E3W996;Q8VCQ6,True,RESOLVED_EXPLICIT_GENE_CENTRIC_REPRESENTATIVE
ENSMUSG00000024500,Q6ZWR4,A0A494B8Z0;A0A494B941;A0A668KLA9;Q6ZWR4,True,RESOLVED_EXPLICIT_GENE_CENTRIC_REPRESENTATIVE
ENSMUSG00000028410,P63037,B1AXX9;B1AXY0;B1AXY1;P63037,True,RESOLVED_EXPLICIT_GENE_CENTRIC_REPRESENTATIVE
ENSMUSG00000036833,A2AJ88,A0A0A6YWJ6;A2AJ88;B0R009;B0R010;B0R011;F6UDU9,True,RESOLVED_EXPLICIT_GENE_CENTRIC_REPRESENTATIVE
ENSMUSG00000019986,Q8K3E5,A0A1L1SQE2;E9Q552;E9QP54,True,REPRESENTATIVE_LACKS_ORIGINAL_EXACT_GENE_LINK
ENSMUSG00000020175,Q8CAM5,A0A1X7SB53;D3YZ27;Q8CAM5,True,RESOLVED_EXPLICIT_GENE_CENTRIC_REPRESENTATIVE
ENSMUSG00000026812,Q9EP53,F2Z3W0;F2Z3X2;Q9EP53,True,RESOLVED_EXPLICIT_GENE_CENTRIC_REPRESENTATIVE
ENSMUSG00000021270,P07901,A2A6A2;B7ZC49;B7ZC50;P07901,True,RESOLVED_EXPLICIT_GENE_CENTRIC_REPRESENTATIVE
ENSMUSG00000025503,Q93092,A0A1B0GR11;Q93092,True,RESOLVED_EXPLICIT_GENE_CENTRIC_REPRESENTATIVE
ENSMUSG00000019312,Q03160,A2A555;Q03160,True,RESOLVED_EXPLICIT_GENE_CENTRIC_REPRESENTATIVE
ENSMUSG00000015027,Q571E4,A0A1D5RM18;Q571E4,True,RESOLVED_EXPLICIT_GENE_CENTRIC_REPRESENTATIVE
ENSMUSG00000047554,Q8K1A5,D6RDC1;D6RFP3;D6RIR0;Q8K1A5,True,RESOLVED_EXPLICIT_GENE_CENTRIC_REPRESENTATIVE
ENSMUSG00000015829,Q8BYI9,A0A0A6YWD9;A0A0A6YWY3;Q8BYI9,True,RESOLVED_EXPLICIT_GENE_CENTRIC_REPRESENTATIVE
ENSMUSG00000020808,Q8BFY7,Q5RIU1;Q5RIU2;Q8BFY7,True,RESOLVED_EXPLICIT_GENE_CENTRIC_REPRESENTATIVE
ENSMUSG00000025473,Q05910,E9Q359;F8WHT7;G3UXF8;Q05910,True,RESOLVED_EXPLICIT_GENE_CENTRIC_REPRESENTATIVE
ENSMUSG00000032181,P47867,A0A1L1SV66;A0A1Y7VLI5;P47867,True,RESOLVED_EXPLICIT_GENE_CENTRIC_REPRESENTATIVE
ENSMUSG00000032418,P06801,A0A087WS41;P06801,True,RESOLVED_EXPLICIT_GENE_CENTRIC_REPRESENTATIVE
ENSMUSG00000023232,Q8K0E7,B2KFY0;B2KFY1;B2KFY2;E9Q7Q6;Q8K0E7,True,RESOLVED_EXPLICIT_GENE_CENTRIC_REPRESENTATIVE
ENSMUSG00000041831,Q99N48,E0CYJ1;E9PUK9;E9PXV1;F8WHG0;Q99N48,True,RESOLVED_EXPLICIT_GENE_CENTRIC_REPRESENTATIVE
ENSMUSG00000042826,P70378,F8WJI8;P70378,True,RESOLVED_EXPLICIT_GENE_CENTRIC_REPRESENTATIVE
ENSMUSG00000058571,Q9R087,F6VZR4;Q9R087,True,RESOLVED_EXPLICIT_GENE_CENTRIC_REPRESENTATIVE
ENSMUSG00000024143,Q8R527,A0A3Q4EHR0;D3Z3L1;Q8R527,True,RESOLVED_EXPLICIT_GENE_CENTRIC_REPRESENTATIVE
ENSMUSG00000096472,Q60773,A0A1L1SRJ2;A0A1N9MI08;Q60773,True,RESOLVED_EXPLICIT_GENE_CENTRIC_REPRESENTATIVE
ENSMUSG00000023349,Q9JKF4,A0A0N4SVA9;D6RJL3;F7DEF5;Q9JKF4,True,RESOLVED_EXPLICIT_GENE_CENTRIC_REPRESENTATIVE
ENSMUSG00000042254,Q66K08,A0A0R4J0F8;D6RD06,True,REPRESENTATIVE_LACKS_ORIGINAL_EXACT_GENE_LINK
ENSMUSG00000040711,A2AAY5,A0A5F8MPP7;A2AAY5,True,RESOLVED_EXPLICIT_GENE_CENTRIC_REPRESENTATIVE
ENSMUSG00000029096,Q9D236,A0A0J9YU80;A0A0J9YV92;A0A0J9YVC4;Q9D236,True,RESOLVED_EXPLICIT_GENE_CENTRIC_REPRESENTATIVE
ENSMUSG00000031343,P26049,B1AVY2;P26049,True,RESOLVED_EXPLICIT_GENE_CENTRIC_REPRESENTATIVE
ENSMUSG00000021591,Q9QUH0,A0A1Y7VM65;Q9QUH0,True,RESOLVED_EXPLICIT_GENE_CENTRIC_REPRESENTATIVE
ENSMUSG00000064284,Q8R3A2,D3Z3I7;Q8R3A2,True,RESOLVED_EXPLICIT_GENE_CENTRIC_REPRESENTATIVE
ENSMUSG00000021832,P62334,A0A2I3BQ49;A0A2I3BQ79;P62334,True,RESOLVED_EXPLICIT_GENE_CENTRIC_REPRESENTATIVE
ENSMUSG00000033486,A2ARP9,A0A0A0MQ85;D6RCY8,True,REPRESENTATIVE_LACKS_ORIGINAL_EXACT_GENE_LINK
ENSMUSG00000079442,Q9R2B6,A0A0A6YVT0;J3QJX9,True,REPRESENTATIVE_LACKS_ORIGINAL_EXACT_GENE_LINK
ENSMUSG00000006307,O08550,F6W623;F8WJ40;O08550,True,RESOLVED_EXPLICIT_GENE_CENTRIC_REPRESENTATIVE
ENSMUSG00000063884,Q14C51,A0A0U1RNH5;A0A0U1RP36;A0A0U1RQ61;Q14C51,True,RESOLVED_EXPLICIT_GENE_CENTRIC_REPRESENTATIVE
ENSMUSG00000024074,Q9JLL0,A0A3Q4EBT2;A0A3Q4EGH7;A0A3Q4EHS8;A0A3Q4EIC0;A0A3Q4EID5;Q9JLL0,True,RESOLVED_EXPLICIT_GENE_CENTRIC_REPRESENTATIVE
ENSMUSG00000040950,F6ZBH5,F6QSC4;F6W0D5;F6ZBH5,True,RESOLVED_EXPLICIT_GENE_CENTRIC_REPRESENTATIVE
ENSMUSG00000029452,G3X9M9,A0A0G2JGD3;A0A0J9YUN8;A0A0J9YVD8;D3Z2K1;D3Z5R2;F6SWH9;G3UZ41;G3X901;G3X9M9,True,RESOLVED_EXPLICIT_GENE_CENTRIC_REPRESENTATIVE
ENSMUSG00000047909,A2AS55,A0A0A6YWT3;A2AS55;D6RGL4;F6SD06;F6T2W3,True,RESOLVED_EXPLICIT_GENE_CENTRIC_REPRESENTATIVE
ENSMUSG00000039770,P62700,A0A3B2W458;A0A3B2WAX4;P62700,True,RESOLVED_EXPLICIT_GENE_CENTRIC_REPRESENTATIVE
ENSMUSG00000001524,O70422,E0CXV5;E0CY64;E0CYK8;E0CYM3;O70422,True,RESOLVED_EXPLICIT_GENE_CENTRIC_REPRESENTATIVE
ENSMUSG00000004948,P10761,F6VD35;P10761,True,RESOLVED_EXPLICIT_GENE_CENTRIC_REPRESENTATIVE
ENSMUSG00000033720,Q925N0,D3YXH5;D3YXH6;F6TWW1;Q925N0,True,RESOLVED_EXPLICIT_GENE_CENTRIC_REPRESENTATIVE
ENSMUSG00000068566,O35682,A0A0N4SW94;O35682,True,RESOLVED_EXPLICIT_GENE_CENTRIC_REPRESENTATIVE
ENSMUSG00000019823,Q8VDP3,D3Z5P6;E9PUI4;Q8VDP3,True,RESOLVED_EXPLICIT_GENE_CENTRIC_REPRESENTATIVE
ENSMUSG00000022754,Q60774,A0A338P6Q2;A9C432;F7A1J5,True,REPRESENTATIVE_LACKS_ORIGINAL_EXACT_GENE_LINK
ENSMUSG00000029212,P50571,A0A0G2JGS8;P50571,True,RESOLVED_EXPLICIT_GENE_CENTRIC_REPRESENTATIVE
ENSMUSG00000062593,Q64281,A0A1W2P7X1;Q64281,True,RESOLVED_EXPLICIT_GENE_CENTRIC_REPRESENTATIVE
ENSMUSG00000000739,F6UQ86,D3Z6D1;D6RH78;F6UQ86;F6WA20,True,RESOLVED_EXPLICIT_GENE_CENTRIC_REPRESENTATIVE
ENSMUSG00000020241,Q02788,D3Z7D5;Q02788,True,RESOLVED_EXPLICIT_GENE_CENTRIC_REPRESENTATIVE
ENSMUSG00000028843,Q91VW3,I7HPY0;Q91VW3,True,RESOLVED_EXPLICIT_GENE_CENTRIC_REPRESENTATIVE
ENSMUSG00000042303,Q8VCZ6,A0A2R8VHP0;A0A2R8VHZ5;A0A2R8VI58;A0A2R8VI76;D3Z190;D6RFR6;F6VZH1;Q8VCZ6,True,RESOLVED_EXPLICIT_GENE_CENTRIC_REPRESENTATIVE
ENSMUSG00000051504,F6Q528,D6RFU8;F6Q528;F7BBK3;G3UYB4;G3V017;G3X9N0,True,RESOLVED_EXPLICIT_GENE_CENTRIC_REPRESENTATIVE
ENSMUSG00000010721,Q9JIT0,A0A0G2JF18;A0A0G2JFU9;A0A0G2JFX9;J3QM78;Q9JIT0,True,RESOLVED_EXPLICIT_GENE_CENTRIC_REPRESENTATIVE
ENSMUSG00000066829,F6VBL2,A0A1L1SUL0;F6VBL2,True,RESOLVED_EXPLICIT_GENE_CENTRIC_REPRESENTATIVE
ENSMUSG00000037747,Q8BGT8,E0CXW9;F6U6Z2;F7D3N3;Q8BGT8,True,RESOLVED_EXPLICIT_GENE_CENTRIC_REPRESENTATIVE
ENSMUSG00000028909,B1AUH1,B1AUH1;F6VB49,True,RESOLVED_EXPLICIT_GENE_CENTRIC_REPRESENTATIVE
ENSMUSG00000028019,Q8CI19,D6RGS6;Q8CI19,True,RESOLVED_EXPLICIT_GENE_CENTRIC_REPRESENTATIVE
ENSMUSG00000024011,Q9ET66,A0A3Q4EC30;D3Z6T6;Q9ET66,True,RESOLVED_EXPLICIT_GENE_CENTRIC_REPRESENTATIVE
ENSMUSG00000061184,Q1JRP2,A0A0G2JET7;Q1JRP2,True,RESOLVED_EXPLICIT_GENE_CENTRIC_REPRESENTATIVE
ENSMUSG00000027663,O54836,A0A0A6YWE0;F7B3X3,True,REPRESENTATIVE_LACKS_ORIGINAL_EXACT_GENE_LINK
ENSMUSG00000034120,Q62093,H3BJA4;Q62093,True,RESOLVED_EXPLICIT_GENE_CENTRIC_REPRESENTATIVE
ENSMUSG00000057766,D3YVV3,A0A3Q4EGJ3;A0A3Q4EGS5;A0A3Q4EHJ7;D3YTU5;D3YVV3;D3Z2G0,True,RESOLVED_EXPLICIT_GENE_CENTRIC_REPRESENTATIVE
ENSMUSG00000068220,P16045,A0A2R8VHJ0;P16045,True,RESOLVED_EXPLICIT_GENE_CENTRIC_REPRESENTATIVE
ENSMUSG00000026159,Q8K2K6,A0A087WNV1;A0A087WR52;A0A087WRL1;A0A087WSR7;Q8K2K6,True,RESOLVED_EXPLICIT_GENE_CENTRIC_REPRESENTATIVE
ENSMUSG00000041263,Q8BG26,A0A0G2JE41;A0A0G2JGQ9;Q8BG26,True,RESOLVED_EXPLICIT_GENE_CENTRIC_REPRESENTATIVE
ENSMUSG00000021694,Q8CFD5,D3YU16;D6RET0;D6RIM0;F6QML7;F6QPY9;Q8CFD5,True,RESOLVED_EXPLICIT_GENE_CENTRIC_REPRESENTATIVE
ENSMUSG00000025558,Q8BIK4,A0A1D5RLB8;A0A1D5RLE0;A0A1D5RMM1;A0A571BG77;A0A5F8MPL9;E9QMR2;F8VPN7,True,REPRESENTATIVE_LACKS_ORIGINAL_EXACT_GENE_LINK
ENSMUSG00000019996,O88735,A0A1L1SR93;A0A1L1SUN4;A0A1L1SVB6;D3YWN7;E9QMU3,True,REPRESENTATIVE_LACKS_ORIGINAL_EXACT_GENE_LINK
ENSMUSG00000029032,Q3U5C8,B1ASH7;B1ASH8;Q3U5C8,True,RESOLVED_EXPLICIT_GENE_CENTRIC_REPRESENTATIVE
ENSMUSG00000022025,Q9Z1F6,G5E8Z6;Q9Z1F6,True,RESOLVED_EXPLICIT_GENE_CENTRIC_REPRESENTATIVE
ENSMUSG00000034614,Q7TMJ8,F6S185;Q7TMJ8;Z4YMN3;Z4YN57,True,RESOLVED_EXPLICIT_GENE_CENTRIC_REPRESENTATIVE
ENSMUSG00000028906,P48193,A0A1D5RLV1;A0A571BEG4;A2A838;A2A839;A2A841;A2A842;A2AD32;F6S4K9;F7BUB8;F7CR30;P48193,True,RESOLVED_EXPLICIT_GENE_CENTRIC_REPRESENTATIVE
ENSMUSG00000037872,Q9QUI6,A0A0A6YWZ3;A0A0R4J0J4,True,REPRESENTATIVE_LACKS_ORIGINAL_EXACT_GENE_LINK
