protein_accession,input_cys_sites,sites_with_local_confidence_options,structural_eligibility,protocol_version
A0A087WRH0,35,21,held,0.1.0
A0A087WRT7,6,2,held,0.1.0
A0A0A0MQ82,30,0,held,0.1.0
A0A0G2JDS2,6,4,held,0.1.0
A0A0R4J086,7,5,held,0.1.0
A0A0R4J0H9,9,8,held,0.1.0
A0A0R4J0Y2,13,5,held,0.1.0
A0A0R4J1Z0,14,9,held,0.1.0
A0A140T8U8,13,8,held,0.1.0
A0A1B0GQY9,25,20,held,0.1.0
A0A1B0GST9,3,3,held,0.1.0
A0A1B0GSZ0,2,2,held,0.1.0
A0A1D5RLX6,24,7,held,0.1.0
A0A1W2P7H6,8,5,held,0.1.0
A0ACM8Q264,13,0,held,0.1.0
A2A6T1,7,2,held,0.1.0
A2A716,17,8,held,0.1.0
A2A7F4,89,14,held,0.1.0
A2A863,67,9,held,0.1.0
A2AAY5,7,3,held,0.1.0
A2AHD1,29,18,held,0.1.0
A2AIG8,12,6,held,0.1.0
A2AJ88,24,5,held,0.1.0
A2AJT4,2,0,held,0.1.0
A2AM80,7,3,held,0.1.0
A2AS55,15,13,held,0.1.0
A2AVA0,258,0,held,0.1.0
A2AW67,32,22,held,0.1.0
A2BDX4,16,6,held,0.1.0
A2BI40,4,3,held,0.1.0
A2CI98,17,7,held,0.1.0
A2RSY1,11,5,held,0.1.0
B1ARV3,8,4,held,0.1.0
B1AT66,15,8,held,0.1.0
B1AUH1,34,20,held,0.1.0
B1AX39,22,0,held,0.1.0
B1AXH1,13,1,held,0.1.0
B2RUR8,12,6,held,0.1.0
D2J0Y4,16,0,held,0.1.0
D3YVV3,4,3,held,0.1.0
D3YWE6,12,0,held,0.1.0
D3YX43,14,11,held,0.1.0
D3YZF7,14,9,held,0.1.0
D3Z5W0,7,3,held,0.1.0
D3Z7A9,5,4,held,0.1.0
E9PX79,13,4,held,0.1.0
E9Q079,2,0,held,0.1.0
E9Q1P8,13,12,held,0.1.0
E9Q238,34,7,held,0.1.0
E9Q2T4,6,0,held,0.1.0
E9Q4M0,16,6,held,0.1.0
E9Q5N9,12,7,held,0.1.0
E9Q616,14,0,held,0.1.0
E9Q8I7,112,14,held,0.1.0
E9QL24,34,0,held,0.1.0
E9QNZ9,17,8,held,0.1.0
F6Q528,10,0,held,0.1.0
F6QBI9,7,0,held,0.1.0
F6RKY9,16,0,held,0.1.0
F6UQ86,3,0,held,0.1.0
F6V7N2,15,0,held,0.1.0
F6VBL2,33,0,held,0.1.0
F6VF06,9,0,held,0.1.0
F6XT39,10,0,held,0.1.0
F6Y4Q7,7,0,held,0.1.0
F6Z929,33,0,held,0.1.0
F6ZBH5,9,0,held,0.1.0
F7APZ6,25,0,held,0.1.0
F7AZR3,11,0,held,0.1.0
F7B5R5,9,0,held,0.1.0
F7BSI7,10,0,held,0.1.0
F7C8H2,6,0,held,0.1.0
F7CE23,7,0,held,0.1.0
F7D735,6,0,held,0.1.0
F7DDL9,13,0,held,0.1.0
F8VPX2,13,10,held,0.1.0
F8WHI1,14,0,held,0.1.0
G3X924,10,2,held,0.1.0
G3X9M9,12,4,held,0.1.0
G3XA59,14,7,held,0.1.0
G5E898,11,0,held,0.1.0
J3QNP2,5,0,held,0.1.0
O08550,77,0,held,0.1.0
O08575,6,4,held,0.1.0
O08691,6,4,held,0.1.0
O08707,10,7,held,0.1.0
O08746,68,0,held,0.1.0
O08969,5,5,held,0.1.0
O09133,4,0,held,0.1.0
O09174,6,6,held,0.1.0
O35074,2,2,held,0.1.0
O35082,12,7,held,0.1.0
O35103,10,8,held,0.1.0
O35177,14,3,held,0.1.0
O35182,15,10,held,0.1.0
O35228,5,5,held,0.1.0
O35316,19,17,held,0.1.0
O35425,5,2,held,0.1.0
O35600,40,1,held,0.1.0
O35604,47,26,held,0.1.0
O35608,8,5,held,0.1.0
O35639,3,3,held,0.1.0
O35640,4,4,held,0.1.0
O35655,7,5,held,0.1.0
O35682,13,10,held,0.1.0
O35709,21,12,held,0.1.0
O35969,5,5,held,0.1.0
O54786,8,0,held,0.1.0
O54824,29,0,held,0.1.0
O54890,56,31,held,0.1.0
O54983,3,3,held,0.1.0
O55137,4,3,held,0.1.0
O55240,6,6,held,0.1.0
O55242,1,1,held,0.1.0
O70126,4,3,held,0.1.0
O70299,13,11,held,0.1.0
O70370,12,10,held,0.1.0
O70422,3,1,held,0.1.0
O70503,4,2,held,0.1.0
O70514,10,7,held,0.1.0
O70571,6,3,held,0.1.0
O88188,6,6,held,0.1.0
O88428,11,11,held,0.1.0
O88492,17,0,held,0.1.0
O88507,9,6,held,0.1.0
O88551,7,3,held,0.1.0
O88593,7,4,held,0.1.0
O88736,6,5,held,0.1.0
O88745,8,6,held,0.1.0
O88822,2,1,held,0.1.0
O88844,7,7,held,0.1.0
O89091,14,0,held,0.1.0
P00329,15,15,held,0.1.0
P00687,12,11,held,0.1.0
P01101,8,2,held,0.1.0
P02798,20,1,held,0.1.0
P04441,7,5,held,0.1.0
P05063,7,7,held,0.1.0
P05532,22,11,held,0.1.0
P06801,11,11,held,0.1.0
P06909,82,4,held,0.1.0
P07901,7,6,held,0.1.0
P08103,8,5,held,0.1.0
P08122,21,12,held,0.1.0
P08551,1,0,held,0.1.0
P09470,15,12,held,0.1.0
P0DP59,10,10,held,0.1.0
P10148,4,4,held,0.1.0
P10639,6,6,held,0.1.0
P10649,2,2,held,0.1.0
P10761,16,11,held,0.1.0
P11214,36,14,held,0.1.0
P11276,64,0,held,0.1.0
P11680,44,18,held,0.1.0
P11688,20,16,held,0.1.0
P12815,1,1,held,0.1.0
P13020,7,4,held,0.1.0
P13516,5,5,held,0.1.0
P14901,1,1,held,0.1.0
P15105,13,13,held,0.1.0
P15530,6,2,held,0.1.0
P15532,2,2,held,0.1.0
P15535,7,6,held,0.1.0
P16045,6,5,held,0.1.0
P16330,7,6,held,0.1.0
P16460,5,5,held,0.1.0
P17156,5,3,held,0.1.0
P17563,10,8,held,0.1.0
P18581,15,6,held,0.1.0
P19246,5,1,held,0.1.0
P19788,3,2,held,0.1.0
P21237,7,6,held,0.1.0
P21275,8,7,held,0.1.0
P21460,4,4,held,0.1.0
P21855,15,7,held,0.1.0
P21956,20,2,held,0.1.0
P21995,9,8,held,0.1.0
P22272,12,9,held,0.1.0
P23440,21,15,held,0.1.0
P23611,15,5,held,0.1.0
P24288,10,6,held,0.1.0
P24549,11,11,held,0.1.0
P24860,8,4,held,0.1.0
P26049,4,4,held,0.1.0
P26450,8,5,held,0.1.0
P26618,17,8,held,0.1.0
P27671,21,6,held,0.1.0
P27784,6,4,held,0.1.0
P28301,12,4,held,0.1.0
P28652,13,9,held,0.1.0
P28654,6,5,held,0.1.0
P28843,12,12,held,0.1.0
P29268,39,19,held,0.1.0
P29352,21,7,held,0.1.0
P29452,11,6,held,0.1.0
P29754,10,8,held,0.1.0
P30276,6,3,held,0.1.0
P30545,13,8,held,0.1.0
P30658,5,1,held,0.1.0
P30681,3,2,held,0.1.0
P30731,11,8,held,0.1.0
P31310,9,1,held,0.1.0
P31428,8,7,held,0.1.0
P31648,14,14,held,0.1.0
P31750,7,2,held,0.1.0
P35413,13,7,held,0.1.0
P37804,1,1,held,0.1.0
P38060,8,6,held,0.1.0
P38585,7,5,held,0.1.0
P39689,6,3,held,0.1.0
P40224,5,1,held,0.1.0
P40749,7,2,held,0.1.0
P40936,11,11,held,0.1.0
P41588,21,5,held,0.1.0
P43252,19,7,held,0.1.0
P43883,5,1,held,0.1.0
P47242,4,3,held,0.1.0
P47801,7,5,held,0.1.0
P47880,16,8,held,0.1.0
P48168,13,7,held,0.1.0
P48193,8,7,held,0.1.0
P48302,20,6,held,0.1.0
P48316,6,6,held,0.1.0
P48744,11,11,held,0.1.0
P49710,1,1,held,0.1.0
P49817,3,1,held,0.1.0
P49919,3,0,held,0.1.0
P50114,2,1,held,0.1.0
P50540,3,1,held,0.1.0
P50544,7,7,held,0.1.0
P50571,5,3,held,0.1.0
P51163,7,5,held,0.1.0
P51569,16,14,held,0.1.0
P51642,1,1,held,0.1.0
P51670,6,4,held,0.1.0
P51860,9,1,held,0.1.0
P51880,5,4,held,0.1.0
P51910,4,2,held,0.1.0
P51945,11,7,held,0.1.0
P52019,8,2,held,0.1.0
P52293,6,6,held,0.1.0
P52825,10,8,held,0.1.0
P54130,2,2,held,0.1.0
P54320,2,0,held,0.1.0
P54369,7,2,held,0.1.0
P55271,2,2,held,0.1.0
P55284,5,0,held,0.1.0
P56375,1,1,held,0.1.0
P56389,7,6,held,0.1.0
P56392,2,2,held,0.1.0
P56476,5,2,held,0.1.0
P56481,15,5,held,0.1.0
P56485,13,8,held,0.1.0
P57787,11,7,held,0.1.0
P58006,11,5,held,0.1.0
P58044,6,6,held,0.1.0
P58459,66,13,held,0.1.0
P58462,8,1,held,0.1.0
P58686,1,1,held,0.1.0
P58742,16,6,held,0.1.0
P61014,3,3,held,0.1.0
P61027,4,2,held,0.1.0
P61079,4,4,held,0.1.0
P61213,3,3,held,0.1.0
P61216,1,0,held,0.1.0
P61971,3,3,held,0.1.0
P62073,4,4,held,0.1.0
P62080,12,10,held,0.1.0
P62334,5,2,held,0.1.0
P62700,4,4,held,0.1.0
P62827,3,3,held,0.1.0
P63037,13,4,held,0.1.0
P63038,3,3,held,0.1.0
P63078,2,1,held,0.1.0
P63087,13,12,held,0.1.0
P63168,3,2,held,0.1.0
P63239,11,8,held,0.1.0
P63254,7,7,held,0.1.0
P63268,7,6,held,0.1.0
P68368,13,12,held,0.1.0
P70120,2,1,held,0.1.0
P70170,24,12,held,0.1.0
P70210,3,1,held,0.1.0
P70245,4,4,held,0.1.0
P70378,6,3,held,0.1.0
P70423,14,5,held,0.1.0
P84075,2,0,held,0.1.0
P86046,5,4,held,0.1.0
P97297,2,0,held,0.1.0
P97315,15,1,held,0.1.0
P97430,17,15,held,0.1.0
P97769,1,0,held,0.1.0
P97794,9,6,held,0.1.0
P98083,9,3,held,0.1.0
Q00519,37,31,held,0.1.0
Q01320,14,9,held,0.1.0
Q01721,23,17,held,0.1.0
Q02788,20,1,held,0.1.0
Q03160,16,11,held,0.1.0
Q03526,18,6,held,0.1.0
Q03719,18,6,held,0.1.0
Q04857,20,2,held,0.1.0
Q05685,16,16,held,0.1.0
Q05910,43,25,held,0.1.0
Q05AA6,22,13,held,0.1.0
Q07646,1,1,held,0.1.0
Q08091,3,1,held,0.1.0
Q08481,15,14,held,0.1.0
Q0VAW7,53,0,held,0.1.0
Q0VBD0,54,7,held,0.1.0
Q0VBL6,12,6,held,0.1.0
Q0VG18,1,0,held,0.1.0
Q0VGT2,27,5,held,0.1.0
Q0VGT4,52,12,held,0.1.0
Q0VGU4,1,0,held,0.1.0
Q14AT5,19,6,held,0.1.0
Q14C51,10,6,held,0.1.0
Q14DH7,11,8,held,0.1.0
Q1JRP2,13,6,held,0.1.0
Q3MI99,21,13,held,0.1.0
Q3T9X0,8,6,held,0.1.0
Q3TB82,12,11,held,0.1.0
Q3TBT3,11,9,held,0.1.0
Q3TCX3,4,2,held,0.1.0
Q3TYX2,11,10,held,0.1.0
Q3TZA2,8,6,held,0.1.0
Q3U4H6,5,5,held,0.1.0
Q3U5C8,6,2,held,0.1.0
Q3UA16,2,2,held,0.1.0
Q3UCQ1,4,2,held,0.1.0
Q3UDF0,5,4,held,0.1.0
Q3UG20,35,10,held,0.1.0
Q3UH68,16,5,held,0.1.0
Q3UHG7,12,6,held,0.1.0
Q3UIJ9,3,1,held,0.1.0
Q3UN90,2,1,held,0.1.0
Q3UQ44,12,2,held,0.1.0
Q3UR32,12,10,held,0.1.0
Q3USL1,12,11,held,0.1.0
Q3USW5,7,4,held,0.1.0
Q3UTY6,60,10,held,0.1.0
Q3UZ01,3,0,held,0.1.0
Q3V0G7,18,9,held,0.1.0
Q3V1H1,8,2,held,0.1.0
Q3V3G7,13,5,held,0.1.0
Q499E6,4,2,held,0.1.0
Q4FZC9,12,2,held,0.1.0
Q4G0K9,3,0,held,0.1.0
Q4JK59,40,13,held,0.1.0
Q4LDD4,29,17,held,0.1.0
Q4V9Z5,27,11,held,0.1.0
Q4VBE4,31,14,held,0.1.0
Q562E2,21,6,held,0.1.0
Q571E4,9,8,held,0.1.0
Q5BKP2,13,9,held,0.1.0
Q5DTX6,21,0,held,0.1.0
Q5FW85,17,2,held,0.1.0
Q5SSZ5,27,11,held,0.1.0
Q5SUC9,5,1,held,0.1.0
Q5SUF2,7,3,held,0.1.0
Q5SV41,5,3,held,0.1.0
Q60765,5,2,held,0.1.0
Q60773,1,0,held,0.1.0
Q60787,3,1,held,0.1.0
Q60803,28,23,held,0.1.0
Q60805,19,9,held,0.1.0
Q60848,13,2,held,0.1.0
Q60857,18,15,held,0.1.0
Q61024,11,9,held,0.1.0
Q61033,12,2,held,0.1.0
Q61093,16,9,held,0.1.0
Q61147,14,13,held,0.1.0
Q61207,33,10,held,0.1.0
Q61234,8,3,held,0.1.0
Q61292,125,39,held,0.1.0
Q61467,15,1,held,0.1.0
Q61468,14,6,held,0.1.0
Q61477,10,10,held,0.1.0
Q61481,4,1,held,0.1.0
Q61508,29,22,held,0.1.0
Q61554,361,0,held,0.1.0
Q61592,34,20,held,0.1.0
Q61660,8,2,held,0.1.0
Q61711,1,0,held,0.1.0
Q61805,4,3,held,0.1.0
Q62000,6,6,held,0.1.0
Q62273,20,12,held,0.1.0
Q62312,25,19,held,0.1.0
Q62351,7,2,held,0.1.0
Q62392,8,3,held,0.1.0
Q62443,9,3,held,0.1.0
Q63918,1,1,held,0.1.0
Q64281,6,4,held,0.1.0
Q64378,10,10,held,0.1.0
Q64389,2,0,held,0.1.0
Q64689,6,5,held,0.1.0
Q64700,26,12,held,0.1.0
Q64GA5,10,7,held,0.1.0
Q66JX5,2,0,held,0.1.0
Q673U1,9,1,held,0.1.0
Q69ZK0,43,22,held,0.1.0
Q69ZK9,10,6,held,0.1.0
Q6DFW4,9,5,held,0.1.0
Q6DTY7,11,9,held,0.1.0
Q6NXJ0,17,1,held,0.1.0
Q6NXK8,23,16,held,0.1.0
Q6NZK8,24,8,held,0.1.0
Q6NZQ6,11,2,held,0.1.0
Q6P1C6,33,12,held,0.1.0
Q6P566,5,4,held,0.1.0
Q6PAQ9,3,0,held,0.1.0
Q6PCM1,39,13,held,0.1.0
Q6PD10,11,4,held,0.1.0
Q6PGB8,12,7,held,0.1.0
Q6PGK7,6,5,held,0.1.0
Q6QWF9,1,0,held,0.1.0
Q6U7H8,4,3,held,0.1.0
Q6ZQ73,27,18,held,0.1.0
Q6ZWR4,7,5,held,0.1.0
Q71KT5,5,5,held,0.1.0
Q78TU8,1,0,held,0.1.0
Q7M760,25,11,held,0.1.0
Q7TMJ8,8,0,held,0.1.0
Q7TML3,9,8,held,0.1.0
Q7TMM9,7,4,held,0.1.0
Q7TNV1,10,8,held,0.1.0
Q7TPM6,8,7,held,0.1.0
Q7TPQ9,9,2,held,0.1.0
Q7TSJ2,5,0,held,0.1.0
Q7TSK2,26,15,held,0.1.0
Q7TSQ1,31,7,held,0.1.0
Q80TS8,18,10,held,0.1.0
Q80UP8,10,6,held,0.1.0
Q80WV3,10,8,held,0.1.0
Q80X95,7,6,held,0.1.0
Q80XM3,15,6,held,0.1.0
Q80XM9,5,5,held,0.1.0
Q80ZM3,5,3,held,0.1.0
Q80ZN9,4,4,held,0.1.0
Q810P3,9,9,held,0.1.0
Q811W2,7,4,held,0.1.0
Q8BFR5,7,4,held,0.1.0
Q8BFY7,5,0,held,0.1.0
Q8BG26,21,2,held,0.1.0
Q8BG60,11,4,held,0.1.0
Q8BGQ7,15,12,held,0.1.0
Q8BGT8,10,6,held,0.1.0
Q8BH15,20,18,held,0.1.0
Q8BH61,9,9,held,0.1.0
Q8BHC0,9,7,held,0.1.0
Q8BHI4,23,22,held,0.1.0
Q8BHK2,6,4,held,0.1.0
Q8BIP0,12,11,held,0.1.0
Q8BIZ0,11,3,held,0.1.0
Q8BJ71,9,5,held,0.1.0
Q8BJK1,7,3,held,0.1.0
Q8BJS4,3,2,held,0.1.0
Q8BK06,9,5,held,0.1.0
Q8BK48,7,6,held,0.1.0
Q8BK64,4,3,held,0.1.0
Q8BKT6,14,11,held,0.1.0
Q8BKX1,4,4,held,0.1.0
Q8BL06,38,16,held,0.1.0
Q8BL48,31,18,held,0.1.0
Q8BLC3,15,8,held,0.1.0
Q8BLF2,8,4,held,0.1.0
Q8BM75,20,5,held,0.1.0
Q8BMB3,2,2,held,0.1.0
Q8BQN5,5,3,held,0.1.0
Q8BRH3,6,0,held,0.1.0
Q8BS95,5,3,held,0.1.0
Q8BSM7,14,8,held,0.1.0
Q8BT51,4,4,held,0.1.0
Q8BTM8,50,3,held,0.1.0
Q8BTZ7,9,9,held,0.1.0
Q8BU25,42,13,held,0.1.0
Q8BVZ5,7,1,held,0.1.0
Q8BWG8,8,6,held,0.1.0
Q8BWU8,10,8,held,0.1.0
Q8BWY2,11,11,held,0.1.0
Q8BX05,10,9,held,0.1.0
Q8BX32,11,10,held,0.1.0
Q8BX35,22,15,held,0.1.0
Q8BYI9,41,3,held,0.1.0
Q8BZJ7,5,5,held,0.1.0
Q8BZT7,22,14,held,0.1.0
Q8C033,26,7,held,0.1.0
Q8C080,4,2,held,0.1.0
Q8C0Q2,16,5,held,0.1.0
Q8C156,12,2,held,0.1.0
Q8C255,7,6,held,0.1.0
Q8C267,34,19,held,0.1.0
Q8C351,12,7,held,0.1.0
Q8C398,13,8,held,0.1.0
Q8C581,5,0,held,0.1.0
Q8C5L6,3,3,held,0.1.0
Q8C6I2,1,1,held,0.1.0
Q8C8T7,18,8,held,0.1.0
Q8C9W3,57,11,held,0.1.0
Q8CA71,13,8,held,0.1.0
Q8CAA5,11,1,held,0.1.0
Q8CAL5,20,14,held,0.1.0
Q8CAM5,8,5,held,0.1.0
Q8CAY6,8,8,held,0.1.0
Q8CDJ8,22,10,held,0.1.0
Q8CE50,6,5,held,0.1.0
Q8CEE6,43,5,held,0.1.0
Q8CF60,28,10,held,0.1.0
Q8CF66,1,0,held,0.1.0
Q8CFD5,13,12,held,0.1.0
Q8CFG0,22,9,held,0.1.0
Q8CFV4,6,3,held,0.1.0
Q8CGB6,34,14,held,0.1.0
Q8CGE9,30,4,held,0.1.0
Q8CGF1,25,14,held,0.1.0
Q8CI19,15,8,held,0.1.0
Q8CID3,12,6,held,0.1.0
Q8K007,23,9,held,0.1.0
Q8K0C4,7,6,held,0.1.0
Q8K0E7,23,6,held,0.1.0
Q8K1A5,5,4,held,0.1.0
Q8K1G2,12,2,held,0.1.0
Q8K1S6,23,14,held,0.1.0
Q8K1X4,27,25,held,0.1.0
Q8K299,10,6,held,0.1.0
Q8K2D3,12,9,held,0.1.0
Q8K2I3,8,8,held,0.1.0
Q8K2K6,5,5,held,0.1.0
Q8K353,6,5,held,0.1.0
Q8K370,16,16,held,0.1.0
Q8K371,4,1,held,0.1.0
Q8K3V7,27,3,held,0.1.0
Q8K406,13,10,held,0.1.0
Q8K419,1,1,held,0.1.0
Q8K482,22,0,held,0.1.0
Q8K485,2,2,held,0.1.0
Q8K4G1,161,2,held,0.1.0
Q8K4S1,59,16,held,0.1.0
Q8R000,15,4,held,0.1.0
Q8R007,8,7,held,0.1.0
Q8R080,8,0,held,0.1.0
Q8R0Z6,7,4,held,0.1.0
Q8R2G6,7,2,held,0.1.0
Q8R2Y0,7,7,held,0.1.0
Q8R3A2,8,8,held,0.1.0
Q8R4U7,10,3,held,0.1.0
Q8R4V5,39,19,held,0.1.0
Q8R4W6,16,4,held,0.1.0
Q8R527,10,6,held,0.1.0
Q8VBV4,18,15,held,0.1.0
Q8VC26,5,4,held,0.1.0
Q8VCC1,4,4,held,0.1.0
Q8VCC8,15,9,held,0.1.0
Q8VCI0,7,0,held,0.1.0
Q8VCP9,23,12,held,0.1.0
Q8VCQ6,9,6,held,0.1.0
Q8VCT9,11,5,held,0.1.0
Q8VCZ6,18,6,held,0.1.0
Q8VD53,16,15,held,0.1.0
Q8VDG5,1,1,held,0.1.0
Q8VDP3,20,8,held,0.1.0
Q8VDV0,80,47,held,0.1.0
Q8VE92,6,2,held,0.1.0
Q8VHZ5,9,6,held,0.1.0
Q8VI64,2,0,held,0.1.0
Q8VIK5,126,39,held,0.1.0
Q91VE2,12,10,held,0.1.0
Q91VK1,4,4,held,0.1.0
Q91VN1,11,8,held,0.1.0
Q91VW3,1,1,held,0.1.0
Q91W29,3,1,held,0.1.0
Q91W86,23,6,held,0.1.0
Q91WE9,9,7,held,0.1.0
Q91WK5,4,2,held,0.1.0
Q91WT9,13,10,held,0.1.0
Q91X52,4,4,held,0.1.0
Q91XD2,34,28,held,0.1.0
Q91XE0,5,5,held,0.1.0
Q91XT6,13,3,held,0.1.0
Q91Y86,8,7,held,0.1.0
Q91ZC0,11,7,held,0.1.0
Q91ZP9,8,3,held,0.1.0
Q91ZV8,39,19,held,0.1.0
Q91ZX1,10,7,held,0.1.0
Q920C1,34,4,held,0.1.0
Q920C4,5,0,held,0.1.0
Q920E5,6,6,held,0.1.0
Q920L5,4,3,held,0.1.0
Q923B1,12,10,held,0.1.0
Q923W9,50,31,held,0.1.0
Q923X1,40,15,held,0.1.0
Q924X6,71,12,held,0.1.0
Q925N0,3,3,held,0.1.0
Q925N2,7,2,held,0.1.0
Q93092,3,3,held,0.1.0
Q99J79,11,5,held,0.1.0
Q99JF5,6,6,held,0.1.0
Q99LF1,4,1,held,0.1.0
Q99MQ4,7,6,held,0.1.0
Q99MR1,8,1,held,0.1.0
Q99N05,5,1,held,0.1.0
Q99N09,5,3,held,0.1.0
Q99N48,21,12,held,0.1.0
Q99N90,5,3,held,0.1.0
Q99N91,3,0,held,0.1.0
Q99P47,35,26,held,0.1.0
Q99PI4,13,5,held,0.1.0
Q99PL8,10,5,held,0.1.0
Q99PU5,15,10,held,0.1.0
Q9CPU0,3,3,held,0.1.0
Q9CPV9,10,5,held,0.1.0
Q9CQ00,3,1,held,0.1.0
Q9CQ02,6,0,held,0.1.0
Q9CQ19,1,1,held,0.1.0
Q9CQ86,3,0,held,0.1.0
Q9CQG2,15,9,held,0.1.0
Q9CQJ5,6,0,held,0.1.0
Q9CQM5,6,6,held,0.1.0
Q9CQP8,2,0,held,0.1.0
Q9CQS2,1,1,held,0.1.0
Q9CR10,10,0,held,0.1.0
Q9CR50,29,29,held,0.1.0
Q9CR75,8,1,held,0.1.0
Q9CR84,3,1,held,0.1.0
Q9CR96,2,0,held,0.1.0
Q9CR98,9,9,held,0.1.0
Q9CRA4,5,5,held,0.1.0
Q9CW03,7,4,held,0.1.0
Q9CWF2,8,5,held,0.1.0
Q9CX84,11,1,held,0.1.0
Q9CXC9,11,0,held,0.1.0
Q9CY45,7,5,held,0.1.0
Q9CY64,3,3,held,0.1.0
Q9CYQ7,16,7,held,0.1.0
Q9CZH3,3,3,held,0.1.0
Q9CZI9,6,2,held,0.1.0
Q9CZP5,3,3,held,0.1.0
Q9D0P7,3,0,held,0.1.0
Q9D0T7,4,3,held,0.1.0
Q9D154,3,2,held,0.1.0
Q9D164,3,0,held,0.1.0
Q9D1D1,13,12,held,0.1.0
Q9D1G2,5,5,held,0.1.0
Q9D236,16,6,held,0.1.0
Q9D2N8,17,15,held,0.1.0
Q9D300,10,9,held,0.1.0
Q9D3R9,7,3,held,0.1.0
Q9D479,15,7,held,0.1.0
Q9D5Z5,10,9,held,0.1.0
Q9D668,9,1,held,0.1.0
Q9D684,18,5,held,0.1.0
Q9D6A1,23,10,held,0.1.0
Q9D6B9,2,1,held,0.1.0
Q9D6D8,9,7,held,0.1.0
Q9D6W7,13,0,held,0.1.0
Q9D6X5,15,8,held,0.1.0
Q9D6X6,9,4,held,0.1.0
Q9D708,4,1,held,0.1.0
Q9D7C9,3,3,held,0.1.0
Q9D7I5,6,6,held,0.1.0
Q9D7Q1,10,4,held,0.1.0
Q9D7U6,10,7,held,0.1.0
Q9D819,8,8,held,0.1.0
Q9D975,2,1,held,0.1.0
Q9DAU7,18,12,held,0.1.0
Q9DB28,8,5,held,0.1.0
Q9DB91,7,5,held,0.1.0
Q9DBF1,9,8,held,0.1.0
Q9DBG1,4,3,held,0.1.0
Q9DCC4,8,8,held,0.1.0
Q9DCE5,9,8,held,0.1.0
Q9DCU2,2,0,held,0.1.0
Q9EP53,18,5,held,0.1.0
Q9EP69,10,6,held,0.1.0
Q9EP75,10,10,held,0.1.0
Q9EPC5,5,5,held,0.1.0
Q9EPW2,14,0,held,0.1.0
Q9EPX5,11,9,held,0.1.0
Q9EQ32,16,5,held,0.1.0
Q9EQC7,26,26,held,0.1.0
Q9EQH4,1,1,held,0.1.0
Q9EQQ9,19,16,held,0.1.0
Q9ER71,13,6,held,0.1.0
Q9ERV7,16,1,held,0.1.0
Q9ERY9,2,2,held,0.1.0
Q9ESC7,6,5,held,0.1.0
Q9ESH5,13,6,held,0.1.0
Q9ESL4,10,7,held,0.1.0
Q9ET66,11,10,held,0.1.0
Q9JHB3,12,11,held,0.1.0
Q9JHB4,14,13,held,0.1.0
Q9JHF7,2,2,held,0.1.0
Q9JHG6,4,2,held,0.1.0
Q9JHI8,20,15,held,0.1.0
Q9JI75,4,3,held,0.1.0
Q9JIG8,4,2,held,0.1.0
Q9JIT0,9,4,held,0.1.0
Q9JIZ9,13,0,held,0.1.0
Q9JJ61,13,12,held,0.1.0
Q9JJ66,7,6,held,0.1.0
Q9JK53,6,4,held,0.1.0
Q9JK95,12,4,held,0.1.0
Q9JKB1,3,3,held,0.1.0
Q9JKC6,1,0,held,0.1.0
Q9JKF4,11,10,held,0.1.0
Q9JLC6,2,1,held,0.1.0
Q9JLL0,130,10,held,0.1.0
Q9JLM8,10,3,held,0.1.0
Q9JLV1,4,0,held,0.1.0
Q9JMG2,7,5,held,0.1.0
Q9QUG2,19,5,held,0.1.0
Q9QUH0,5,5,held,0.1.0
Q9QUN3,2,1,held,0.1.0
Q9QXE4,12,0,held,0.1.0
Q9QXY6,1,1,held,0.1.0
Q9QYF1,7,6,held,0.1.0
Q9QYH6,1,1,held,0.1.0
Q9QZ09,12,4,held,0.1.0
Q9QZZ6,10,8,held,0.1.0
Q9R008,8,8,held,0.1.0
Q9R087,17,14,held,0.1.0
Q9R0A1,16,8,held,0.1.0
Q9R1J0,5,5,held,0.1.0
Q9R1Z8,5,1,held,0.1.0
Q9WTJ5,8,5,held,0.1.0
Q9WTP2,25,5,held,0.1.0
Q9WTR1,14,9,held,0.1.0
Q9WU79,11,8,held,0.1.0
Q9WUP0,7,6,held,0.1.0
Q9WUR9,2,2,held,0.1.0
Q9WUZ7,1,1,held,0.1.0
Q9WUZ9,6,4,held,0.1.0
Q9WV32,14,14,held,0.1.0
Q9WV66,13,8,held,0.1.0
Q9WV71,18,16,held,0.1.0
Q9WV95,3,3,held,0.1.0
Q9WVC5,13,6,held,0.1.0
Q9WVC6,5,2,held,0.1.0
Q9WVF7,48,11,held,0.1.0
Q9WVG7,8,1,held,0.1.0
Q9WVL3,23,18,held,0.1.0
Q9Z0D9,10,2,held,0.1.0
Q9Z0H4,8,3,held,0.1.0
Q9Z0M5,5,1,held,0.1.0
Q9Z0U1,4,1,held,0.1.0
Q9Z126,4,4,held,0.1.0
Q9Z139,28,17,held,0.1.0
Q9Z180,14,0,held,0.1.0
Q9Z1E4,14,11,held,0.1.0
Q9Z1F6,11,2,held,0.1.0
Q9Z1P5,18,3,held,0.1.0
Q9Z1S0,17,0,held,0.1.0
Q9Z1T2,47,31,held,0.1.0
Q9Z1W4,13,4,held,0.1.0
Q9Z275,5,4,held,0.1.0
Q9Z2A9,7,2,held,0.1.0
Q9Z2F6,8,4,held,0.1.0
Q9Z2U1,3,3,held,0.1.0
Q9Z2U2,82,11,held,0.1.0
T1NXB5,6,4,held,0.1.0
