url,sha256,retrieved_utc,release,release_date,total_results,next_url,batch_id,page_entries
https://rest.uniprot.org/uniprotkb/search?query=organism_id%3A10090+AND+%28xref%3Aensembl-ENSMUSG00000000056+OR+xref%3Aensembl-ENSMUSG00000000223+OR+xref%3Aensembl-ENSMUSG00000000555+OR+xref%3Aensembl-ENSMUSG00000000632+OR+xref%3Aensembl-ENSMUSG00000000682+OR+xref%3Aensembl-ENSMUSG00000000739+OR+xref%3Aensembl-ENSMUSG00000000938+OR+xref%3Aensembl-ENSMUSG00000001089+OR+xref%3Aensembl-ENSMUSG00000001119+OR+xref%3Aensembl-ENSMUSG00000001128+OR+xref%3Aensembl-ENSMUSG00000001151+OR+xref%3Aensembl-ENSMUSG00000001156+OR+xref%3Aensembl-ENSMUSG00000001240+OR+xref%3Aensembl-ENSMUSG00000001349+OR+xref%3Aensembl-ENSMUSG00000001366+OR+xref%3Aensembl-ENSMUSG00000001467+OR+xref%3Aensembl-ENSMUSG00000001497+OR+xref%3Aensembl-ENSMUSG00000001524+OR+xref%3Aensembl-ENSMUSG00000001729+OR+xref%3Aensembl-ENSMUSG00000001741+OR+xref%3Aensembl-ENSMUSG00000001768+OR+xref%3Aensembl-ENSMUSG00000001930+OR+xref%3Aensembl-ENSMUSG00000001999+OR+xref%3Aensembl-ENSMUSG00000002020+OR+xref%3Aensembl-ENSMUSG00000002107%29&format=json&size=500,3fbf5b17c9f65e1305f3326ac01bbe35ceba419ba6c7df054f55e958902e202b,2026-10-08T20:07:12.366854+00:00,2026_03,02-September-2026,81,,1,81
https://rest.uniprot.org/uniprotkb/search?query=organism_id%3A10090+AND+%28xref%3Aensembl-ENSMUSG00000002109+OR+xref%3Aensembl-ENSMUSG00000002249+OR+xref%3Aensembl-ENSMUSG00000002308+OR+xref%3Aensembl-ENSMUSG00000002458+OR+xref%3Aensembl-ENSMUSG00000002580+OR+xref%3Aensembl-ENSMUSG00000002699+OR+xref%3Aensembl-ENSMUSG00000002831+OR+xref%3Aensembl-ENSMUSG00000002910+OR+xref%3Aensembl-ENSMUSG00000003206+OR+xref%3Aensembl-ENSMUSG00000003283+OR+xref%3Aensembl-ENSMUSG00000003444+OR+xref%3Aensembl-ENSMUSG00000003477+OR+xref%3Aensembl-ENSMUSG00000003526+OR+xref%3Aensembl-ENSMUSG00000003617+OR+xref%3Aensembl-ENSMUSG00000003865+OR+xref%3Aensembl-ENSMUSG00000004044+OR+xref%3Aensembl-ENSMUSG00000004085+OR+xref%3Aensembl-ENSMUSG00000004110+OR+xref%3Aensembl-ENSMUSG00000004127+OR+xref%3Aensembl-ENSMUSG00000004207+OR+xref%3Aensembl-ENSMUSG00000004328+OR+xref%3Aensembl-ENSMUSG00000004455+OR+xref%3Aensembl-ENSMUSG00000004939+OR+xref%3Aensembl-ENSMUSG00000004948+OR+xref%3Aensembl-ENSMUSG00000005107%29&format=json&size=500,7a49c0032409362eabdabc683e62764a543d7e312a277ac50f118e289e396d1a,2026-10-08T20:07:11.958408+00:00,2026_03,02-September-2026,74,,2,74
https://rest.uniprot.org/uniprotkb/search?query=organism_id%3A10090+AND+%28xref%3Aensembl-ENSMUSG00000005233+OR+xref%3Aensembl-ENSMUSG00000005312+OR+xref%3Aensembl-ENSMUSG00000005413+OR+xref%3Aensembl-ENSMUSG00000005672+OR+xref%3Aensembl-ENSMUSG00000005950+OR+xref%3Aensembl-ENSMUSG00000006057+OR+xref%3Aensembl-ENSMUSG00000006127+OR+xref%3Aensembl-ENSMUSG00000006307+OR+xref%3Aensembl-ENSMUSG00000006344+OR+xref%3Aensembl-ENSMUSG00000006360+OR+xref%3Aensembl-ENSMUSG00000006398+OR+xref%3Aensembl-ENSMUSG00000006411+OR+xref%3Aensembl-ENSMUSG00000006517+OR+xref%3Aensembl-ENSMUSG00000006782+OR+xref%3Aensembl-ENSMUSG00000006800+OR+xref%3Aensembl-ENSMUSG00000007080+OR+xref%3Aensembl-ENSMUSG00000007655+OR+xref%3Aensembl-ENSMUSG00000007777+OR+xref%3Aensembl-ENSMUSG00000008167+OR+xref%3Aensembl-ENSMUSG00000008450+OR+xref%3Aensembl-ENSMUSG00000009013+OR+xref%3Aensembl-ENSMUSG00000009596+OR+xref%3Aensembl-ENSMUSG00000009654+OR+xref%3Aensembl-ENSMUSG00000009731+OR+xref%3Aensembl-ENSMUSG00000009876%29&format=json&size=500,ebf1be90bad87b94f61f38dc83d1d0fefcaaf9a850abf363e55aa4597b350cb9,2026-10-08T20:07:10.723357+00:00,2026_03,02-September-2026,51,,3,51
https://rest.uniprot.org/uniprotkb/search?query=organism_id%3A10090+AND+%28xref%3Aensembl-ENSMUSG00000010154+OR+xref%3Aensembl-ENSMUSG00000010453+OR+xref%3Aensembl-ENSMUSG00000010554+OR+xref%3Aensembl-ENSMUSG00000010721+OR+xref%3Aensembl-ENSMUSG00000010760+OR+xref%3Aensembl-ENSMUSG00000011171+OR+xref%3Aensembl-ENSMUSG00000011257+OR+xref%3Aensembl-ENSMUSG00000011589+OR+xref%3Aensembl-ENSMUSG00000013089+OR+xref%3Aensembl-ENSMUSG00000014361+OR+xref%3Aensembl-ENSMUSG00000014856+OR+xref%3Aensembl-ENSMUSG00000015027+OR+xref%3Aensembl-ENSMUSG00000015340+OR+xref%3Aensembl-ENSMUSG00000015354+OR+xref%3Aensembl-ENSMUSG00000015484+OR+xref%3Aensembl-ENSMUSG00000015829+OR+xref%3Aensembl-ENSMUSG00000016024+OR+xref%3Aensembl-ENSMUSG00000016552+OR+xref%3Aensembl-ENSMUSG00000016918+OR+xref%3Aensembl-ENSMUSG00000017002+OR+xref%3Aensembl-ENSMUSG00000017390+OR+xref%3Aensembl-ENSMUSG00000017723+OR+xref%3Aensembl-ENSMUSG00000017756+OR+xref%3Aensembl-ENSMUSG00000017897+OR+xref%3Aensembl-ENSMUSG00000017969%29&format=json&size=500,31536dd9059468ff0462f0ac15910cd500289b1015e468478904cd59184d283d,2026-10-08T20:07:15.209849+00:00,2026_03,02-September-2026,66,,4,66
https://rest.uniprot.org/uniprotkb/search?query=organism_id%3A10090+AND+%28xref%3Aensembl-ENSMUSG00000018076+OR+xref%3Aensembl-ENSMUSG00000018102+OR+xref%3Aensembl-ENSMUSG00000018362+OR+xref%3Aensembl-ENSMUSG00000018507+OR+xref%3Aensembl-ENSMUSG00000018574+OR+xref%3Aensembl-ENSMUSG00000018909+OR+xref%3Aensembl-ENSMUSG00000018927+OR+xref%3Aensembl-ENSMUSG00000019122+OR+xref%3Aensembl-ENSMUSG00000019232+OR+xref%3Aensembl-ENSMUSG00000019278+OR+xref%3Aensembl-ENSMUSG00000019312+OR+xref%3Aensembl-ENSMUSG00000019461+OR+xref%3Aensembl-ENSMUSG00000019577+OR+xref%3Aensembl-ENSMUSG00000019823+OR+xref%3Aensembl-ENSMUSG00000019851+OR+xref%3Aensembl-ENSMUSG00000019874+OR+xref%3Aensembl-ENSMUSG00000019929+OR+xref%3Aensembl-ENSMUSG00000019947+OR+xref%3Aensembl-ENSMUSG00000019961+OR+xref%3Aensembl-ENSMUSG00000019970+OR+xref%3Aensembl-ENSMUSG00000019986+OR+xref%3Aensembl-ENSMUSG00000019996+OR+xref%3Aensembl-ENSMUSG00000019997+OR+xref%3Aensembl-ENSMUSG00000020089+OR+xref%3Aensembl-ENSMUSG00000020105%29&format=json&size=500,fb0a3c215bb3d241a89094ff104d88aab3cb8c08e919bd09c792db1158af8689,2026-10-08T20:07:17.543336+00:00,2026_03,02-September-2026,63,,5,63
https://rest.uniprot.org/uniprotkb/search?query=organism_id%3A10090+AND+%28xref%3Aensembl-ENSMUSG00000020150+OR+xref%3Aensembl-ENSMUSG00000020175+OR+xref%3Aensembl-ENSMUSG00000020205+OR+xref%3Aensembl-ENSMUSG00000020241+OR+xref%3Aensembl-ENSMUSG00000020325+OR+xref%3Aensembl-ENSMUSG00000020326+OR+xref%3Aensembl-ENSMUSG00000020374+OR+xref%3Aensembl-ENSMUSG00000020389+OR+xref%3Aensembl-ENSMUSG00000020395+OR+xref%3Aensembl-ENSMUSG00000020396+OR+xref%3Aensembl-ENSMUSG00000020422+OR+xref%3Aensembl-ENSMUSG00000020547+OR+xref%3Aensembl-ENSMUSG00000020553+OR+xref%3Aensembl-ENSMUSG00000020614+OR+xref%3Aensembl-ENSMUSG00000020671+OR+xref%3Aensembl-ENSMUSG00000020681+OR+xref%3Aensembl-ENSMUSG00000020689+OR+xref%3Aensembl-ENSMUSG00000020717+OR+xref%3Aensembl-ENSMUSG00000020758+OR+xref%3Aensembl-ENSMUSG00000020770+OR+xref%3Aensembl-ENSMUSG00000020803+OR+xref%3Aensembl-ENSMUSG00000020808+OR+xref%3Aensembl-ENSMUSG00000020838+OR+xref%3Aensembl-ENSMUSG00000020863+OR+xref%3Aensembl-ENSMUSG00000020897%29&format=json&size=500,46fc00c49750d46ecfda6eafbe910ad31953eeea84abca40c13471a4379ddcd0,2026-10-08T20:07:17.236389+00:00,2026_03,02-September-2026,57,,6,57
https://rest.uniprot.org/uniprotkb/search?query=organism_id%3A10090+AND+%28xref%3Aensembl-ENSMUSG00000020914+OR+xref%3Aensembl-ENSMUSG00000020994+OR+xref%3Aensembl-ENSMUSG00000021037+OR+xref%3Aensembl-ENSMUSG00000021125+OR+xref%3Aensembl-ENSMUSG00000021130+OR+xref%3Aensembl-ENSMUSG00000021187+OR+xref%3Aensembl-ENSMUSG00000021236+OR+xref%3Aensembl-ENSMUSG00000021250+OR+xref%3Aensembl-ENSMUSG00000021252+OR+xref%3Aensembl-ENSMUSG00000021253+OR+xref%3Aensembl-ENSMUSG00000021270+OR+xref%3Aensembl-ENSMUSG00000021277+OR+xref%3Aensembl-ENSMUSG00000021365+OR+xref%3Aensembl-ENSMUSG00000021388+OR+xref%3Aensembl-ENSMUSG00000021390+OR+xref%3Aensembl-ENSMUSG00000021423+OR+xref%3Aensembl-ENSMUSG00000021541+OR+xref%3Aensembl-ENSMUSG00000021576+OR+xref%3Aensembl-ENSMUSG00000021587+OR+xref%3Aensembl-ENSMUSG00000021591+OR+xref%3Aensembl-ENSMUSG00000021607+OR+xref%3Aensembl-ENSMUSG00000021668+OR+xref%3Aensembl-ENSMUSG00000021676+OR+xref%3Aensembl-ENSMUSG00000021694+OR+xref%3Aensembl-ENSMUSG00000021702%29&format=json&size=500,6ca42b5f2c5772daaa463a38ec962325265a207fdfdfc3ec6f4662c19049ef18,2026-10-08T20:07:19.766435+00:00,2026_03,02-September-2026,61,,7,61
https://rest.uniprot.org/uniprotkb/search?query=organism_id%3A10090+AND+%28xref%3Aensembl-ENSMUSG00000021728+OR+xref%3Aensembl-ENSMUSG00000021750+OR+xref%3Aensembl-ENSMUSG00000021815+OR+xref%3Aensembl-ENSMUSG00000021832+OR+xref%3Aensembl-ENSMUSG00000021835+OR+xref%3Aensembl-ENSMUSG00000021846+OR+xref%3Aensembl-ENSMUSG00000021886+OR+xref%3Aensembl-ENSMUSG00000021903+OR+xref%3Aensembl-ENSMUSG00000021936+OR+xref%3Aensembl-ENSMUSG00000021950+OR+xref%3Aensembl-ENSMUSG00000021951+OR+xref%3Aensembl-ENSMUSG00000021974+OR+xref%3Aensembl-ENSMUSG00000022013+OR+xref%3Aensembl-ENSMUSG00000022025+OR+xref%3Aensembl-ENSMUSG00000022032+OR+xref%3Aensembl-ENSMUSG00000022054+OR+xref%3Aensembl-ENSMUSG00000022055+OR+xref%3Aensembl-ENSMUSG00000022091+OR+xref%3Aensembl-ENSMUSG00000022111+OR+xref%3Aensembl-ENSMUSG00000022112+OR+xref%3Aensembl-ENSMUSG00000022122+OR+xref%3Aensembl-ENSMUSG00000022146+OR+xref%3Aensembl-ENSMUSG00000022209+OR+xref%3Aensembl-ENSMUSG00000022244+OR+xref%3Aensembl-ENSMUSG00000022324%29&format=json&size=500,2666e04638a73c3a1b8b8a82acde9db97e6ab8cf09e74353e49b97dfd73880a3,2026-10-08T20:07:21.231133+00:00,2026_03,02-September-2026,55,,8,55
https://rest.uniprot.org/uniprotkb/search?query=organism_id%3A10090+AND+%28xref%3Aensembl-ENSMUSG00000022332+OR+xref%3Aensembl-ENSMUSG00000022351+OR+xref%3Aensembl-ENSMUSG00000022385+OR+xref%3Aensembl-ENSMUSG00000022389+OR+xref%3Aensembl-ENSMUSG00000022469+OR+xref%3Aensembl-ENSMUSG00000022488+OR+xref%3Aensembl-ENSMUSG00000022512+OR+xref%3Aensembl-ENSMUSG00000022529+OR+xref%3Aensembl-ENSMUSG00000022537+OR+xref%3Aensembl-ENSMUSG00000022548+OR+xref%3Aensembl-ENSMUSG00000022571+OR+xref%3Aensembl-ENSMUSG00000022665+OR+xref%3Aensembl-ENSMUSG00000022754+OR+xref%3Aensembl-ENSMUSG00000022773+OR+xref%3Aensembl-ENSMUSG00000022797+OR+xref%3Aensembl-ENSMUSG00000022831+OR+xref%3Aensembl-ENSMUSG00000022843+OR+xref%3Aensembl-ENSMUSG00000022951+OR+xref%3Aensembl-ENSMUSG00000023017+OR+xref%3Aensembl-ENSMUSG00000023046+OR+xref%3Aensembl-ENSMUSG00000023048+OR+xref%3Aensembl-ENSMUSG00000023067+OR+xref%3Aensembl-ENSMUSG00000023075+OR+xref%3Aensembl-ENSMUSG00000023083+OR+xref%3Aensembl-ENSMUSG00000023232%29&format=json&size=500,a3e4c6a1cab2bb7b5e652073ac684c852eda8cdc580ff12cba3732fbf56db986,2026-10-08T20:07:21.545292+00:00,2026_03,02-September-2026,63,,9,63
https://rest.uniprot.org/uniprotkb/search?query=organism_id%3A10090+AND+%28xref%3Aensembl-ENSMUSG00000023267+OR+xref%3Aensembl-ENSMUSG00000023336+OR+xref%3Aensembl-ENSMUSG00000023349+OR+xref%3Aensembl-ENSMUSG00000023832+OR+xref%3Aensembl-ENSMUSG00000023905+OR+xref%3Aensembl-ENSMUSG00000023980+OR+xref%3Aensembl-ENSMUSG00000024011+OR+xref%3Aensembl-ENSMUSG00000024026+OR+xref%3Aensembl-ENSMUSG00000024039+OR+xref%3Aensembl-ENSMUSG00000024053+OR+xref%3Aensembl-ENSMUSG00000024065+OR+xref%3Aensembl-ENSMUSG00000024066+OR+xref%3Aensembl-ENSMUSG00000024074+OR+xref%3Aensembl-ENSMUSG00000024143+OR+xref%3Aensembl-ENSMUSG00000024222+OR+xref%3Aensembl-ENSMUSG00000024261+OR+xref%3Aensembl-ENSMUSG00000024292+OR+xref%3Aensembl-ENSMUSG00000024299+OR+xref%3Aensembl-ENSMUSG00000024300+OR+xref%3Aensembl-ENSMUSG00000024349+OR+xref%3Aensembl-ENSMUSG00000024378+OR+xref%3Aensembl-ENSMUSG00000024395+OR+xref%3Aensembl-ENSMUSG00000024397+OR+xref%3Aensembl-ENSMUSG00000024411+OR+xref%3Aensembl-ENSMUSG00000024413%29&format=json&size=500,8646148eccdd21fa070a50c46d6ad586f6bdda85c1b65ee811dc853ddf3e71d4,2026-10-08T20:07:24.998779+00:00,2026_03,02-September-2026,88,,10,88
https://rest.uniprot.org/uniprotkb/search?query=organism_id%3A10090+AND+%28xref%3Aensembl-ENSMUSG00000024427+OR+xref%3Aensembl-ENSMUSG00000024481+OR+xref%3Aensembl-ENSMUSG00000024500+OR+xref%3Aensembl-ENSMUSG00000024529+OR+xref%3Aensembl-ENSMUSG00000024548+OR+xref%3Aensembl-ENSMUSG00000024610+OR+xref%3Aensembl-ENSMUSG00000024668+OR+xref%3Aensembl-ENSMUSG00000024677+OR+xref%3Aensembl-ENSMUSG00000024678+OR+xref%3Aensembl-ENSMUSG00000024681+OR+xref%3Aensembl-ENSMUSG00000024781+OR+xref%3Aensembl-ENSMUSG00000024799+OR+xref%3Aensembl-ENSMUSG00000024810+OR+xref%3Aensembl-ENSMUSG00000024812+OR+xref%3Aensembl-ENSMUSG00000024899+OR+xref%3Aensembl-ENSMUSG00000024903+OR+xref%3Aensembl-ENSMUSG00000024974+OR+xref%3Aensembl-ENSMUSG00000024998+OR+xref%3Aensembl-ENSMUSG00000025001+OR+xref%3Aensembl-ENSMUSG00000025017+OR+xref%3Aensembl-ENSMUSG00000025025+OR+xref%3Aensembl-ENSMUSG00000025036+OR+xref%3Aensembl-ENSMUSG00000025151+OR+xref%3Aensembl-ENSMUSG00000025154+OR+xref%3Aensembl-ENSMUSG00000025161%29&format=json&size=500,ed52cc5406a6395a2a8baa54972b53e0159e97ba7d14ecb9dcf7f5416dd677fe,2026-10-08T20:07:25.609784+00:00,2026_03,02-September-2026,63,,11,63
https://rest.uniprot.org/uniprotkb/search?query=organism_id%3A10090+AND+%28xref%3Aensembl-ENSMUSG00000025220+OR+xref%3Aensembl-ENSMUSG00000025240+OR+xref%3Aensembl-ENSMUSG00000025277+OR+xref%3Aensembl-ENSMUSG00000025321+OR+xref%3Aensembl-ENSMUSG00000025350+OR+xref%3Aensembl-ENSMUSG00000025352+OR+xref%3Aensembl-ENSMUSG00000025372+OR+xref%3Aensembl-ENSMUSG00000025473+OR+xref%3Aensembl-ENSMUSG00000025503+OR+xref%3Aensembl-ENSMUSG00000025507+OR+xref%3Aensembl-ENSMUSG00000025558+OR+xref%3Aensembl-ENSMUSG00000025577+OR+xref%3Aensembl-ENSMUSG00000025582+OR+xref%3Aensembl-ENSMUSG00000025648+OR+xref%3Aensembl-ENSMUSG00000025784+OR+xref%3Aensembl-ENSMUSG00000025870+OR+xref%3Aensembl-ENSMUSG00000025888+OR+xref%3Aensembl-ENSMUSG00000025893+OR+xref%3Aensembl-ENSMUSG00000025912+OR+xref%3Aensembl-ENSMUSG00000025950+OR+xref%3Aensembl-ENSMUSG00000025980+OR+xref%3Aensembl-ENSMUSG00000026020+OR+xref%3Aensembl-ENSMUSG00000026080+OR+xref%3Aensembl-ENSMUSG00000026159+OR+xref%3Aensembl-ENSMUSG00000026170%29&format=json&size=500,8b16f56857322c4ce98edcb4296043a47164ce2d5ad12c7f480fb7823b4c8a71,2026-10-08T20:07:26.502858+00:00,2026_03,02-September-2026,81,,12,81
https://rest.uniprot.org/uniprotkb/search?query=organism_id%3A10090+AND+%28xref%3Aensembl-ENSMUSG00000026172+OR+xref%3Aensembl-ENSMUSG00000026193+OR+xref%3Aensembl-ENSMUSG00000026202+OR+xref%3Aensembl-ENSMUSG00000026254+OR+xref%3Aensembl-ENSMUSG00000026274+OR+xref%3Aensembl-ENSMUSG00000026278+OR+xref%3Aensembl-ENSMUSG00000026344+OR+xref%3Aensembl-ENSMUSG00000026365+OR+xref%3Aensembl-ENSMUSG00000026421+OR+xref%3Aensembl-ENSMUSG00000026450+OR+xref%3Aensembl-ENSMUSG00000026473+OR+xref%3Aensembl-ENSMUSG00000026574+OR+xref%3Aensembl-ENSMUSG00000026628+OR+xref%3Aensembl-ENSMUSG00000026675+OR+xref%3Aensembl-ENSMUSG00000026709+OR+xref%3Aensembl-ENSMUSG00000026812+OR+xref%3Aensembl-ENSMUSG00000026879+OR+xref%3Aensembl-ENSMUSG00000026977+OR+xref%3Aensembl-ENSMUSG00000027071+OR+xref%3Aensembl-ENSMUSG00000027075+OR+xref%3Aensembl-ENSMUSG00000027076+OR+xref%3Aensembl-ENSMUSG00000027133+OR+xref%3Aensembl-ENSMUSG00000027188+OR+xref%3Aensembl-ENSMUSG00000027195+OR+xref%3Aensembl-ENSMUSG00000027204%29&format=json&size=500,ebe10b1fc6f13261cbe1195017a7cf28d1a9e1c6a8547118758b1442704ea2db,2026-10-08T20:07:32.046429+00:00,2026_03,02-September-2026,73,,13,73
https://rest.uniprot.org/uniprotkb/search?query=organism_id%3A10090+AND+%28xref%3Aensembl-ENSMUSG00000027318+OR+xref%3Aensembl-ENSMUSG00000027394+OR+xref%3Aensembl-ENSMUSG00000027412+OR+xref%3Aensembl-ENSMUSG00000027447+OR+xref%3Aensembl-ENSMUSG00000027463+OR+xref%3Aensembl-ENSMUSG00000027488+OR+xref%3Aensembl-ENSMUSG00000027534+OR+xref%3Aensembl-ENSMUSG00000027656+OR+xref%3Aensembl-ENSMUSG00000027663+OR+xref%3Aensembl-ENSMUSG00000027695+OR+xref%3Aensembl-ENSMUSG00000027797+OR+xref%3Aensembl-ENSMUSG00000027843+OR+xref%3Aensembl-ENSMUSG00000027848+OR+xref%3Aensembl-ENSMUSG00000027947+OR+xref%3Aensembl-ENSMUSG00000027952+OR+xref%3Aensembl-ENSMUSG00000027981+OR+xref%3Aensembl-ENSMUSG00000028019+OR+xref%3Aensembl-ENSMUSG00000028020+OR+xref%3Aensembl-ENSMUSG00000028060+OR+xref%3Aensembl-ENSMUSG00000028073+OR+xref%3Aensembl-ENSMUSG00000028086+OR+xref%3Aensembl-ENSMUSG00000028096+OR+xref%3Aensembl-ENSMUSG00000028108+OR+xref%3Aensembl-ENSMUSG00000028125+OR+xref%3Aensembl-ENSMUSG00000028128%29&format=json&size=500,75e0e45e9e4db3db44a1fd319837c1bdb071998b72815212e7e7e001c5e88e15,2026-10-08T20:07:31.234087+00:00,2026_03,02-September-2026,79,,14,79
https://rest.uniprot.org/uniprotkb/search?query=organism_id%3A10090+AND+%28xref%3Aensembl-ENSMUSG00000028152+OR+xref%3Aensembl-ENSMUSG00000028211+OR+xref%3Aensembl-ENSMUSG00000028248+OR+xref%3Aensembl-ENSMUSG00000028262+OR+xref%3Aensembl-ENSMUSG00000028367+OR+xref%3Aensembl-ENSMUSG00000028369+OR+xref%3Aensembl-ENSMUSG00000028385+OR+xref%3Aensembl-ENSMUSG00000028391+OR+xref%3Aensembl-ENSMUSG00000028398+OR+xref%3Aensembl-ENSMUSG00000028410+OR+xref%3Aensembl-ENSMUSG00000028413+OR+xref%3Aensembl-ENSMUSG00000028444+OR+xref%3Aensembl-ENSMUSG00000028459+OR+xref%3Aensembl-ENSMUSG00000028475+OR+xref%3Aensembl-ENSMUSG00000028494+OR+xref%3Aensembl-ENSMUSG00000028527+OR+xref%3Aensembl-ENSMUSG00000028607+OR+xref%3Aensembl-ENSMUSG00000028613+OR+xref%3Aensembl-ENSMUSG00000028636+OR+xref%3Aensembl-ENSMUSG00000028672+OR+xref%3Aensembl-ENSMUSG00000028755+OR+xref%3Aensembl-ENSMUSG00000028785+OR+xref%3Aensembl-ENSMUSG00000028809+OR+xref%3Aensembl-ENSMUSG00000028843+OR+xref%3Aensembl-ENSMUSG00000028862%29&format=json&size=500,28722a14313d38ed4aa90356141d18b1ffbc866e5ffdfd5f5d7ccb7c5e738d66,2026-10-08T20:07:32.075013+00:00,2026_03,02-September-2026,79,,15,79
https://rest.uniprot.org/uniprotkb/search?query=organism_id%3A10090+AND+%28xref%3Aensembl-ENSMUSG00000028865+OR+xref%3Aensembl-ENSMUSG00000028906+OR+xref%3Aensembl-ENSMUSG00000028909+OR+xref%3Aensembl-ENSMUSG00000028974+OR+xref%3Aensembl-ENSMUSG00000028996+OR+xref%3Aensembl-ENSMUSG00000029004+OR+xref%3Aensembl-ENSMUSG00000029032+OR+xref%3Aensembl-ENSMUSG00000029096+OR+xref%3Aensembl-ENSMUSG00000029101+OR+xref%3Aensembl-ENSMUSG00000029189+OR+xref%3Aensembl-ENSMUSG00000029212+OR+xref%3Aensembl-ENSMUSG00000029231+OR+xref%3Aensembl-ENSMUSG00000029281+OR+xref%3Aensembl-ENSMUSG00000029306+OR+xref%3Aensembl-ENSMUSG00000029373+OR+xref%3Aensembl-ENSMUSG00000029397+OR+xref%3Aensembl-ENSMUSG00000029430+OR+xref%3Aensembl-ENSMUSG00000029452+OR+xref%3Aensembl-ENSMUSG00000029456+OR+xref%3Aensembl-ENSMUSG00000029484+OR+xref%3Aensembl-ENSMUSG00000029491+OR+xref%3Aensembl-ENSMUSG00000029551+OR+xref%3Aensembl-ENSMUSG00000029622+OR+xref%3Aensembl-ENSMUSG00000029669+OR+xref%3Aensembl-ENSMUSG00000029675%29&format=json&size=500,df913f545130536080f628097c85185716998e163f939b7fe34b733a1542cbf9,2026-10-08T20:07:36.983146+00:00,2026_03,02-September-2026,88,,16,88
https://rest.uniprot.org/uniprotkb/search?query=organism_id%3A10090+AND+%28xref%3Aensembl-ENSMUSG00000029714+OR+xref%3Aensembl-ENSMUSG00000029752+OR+xref%3Aensembl-ENSMUSG00000029919+OR+xref%3Aensembl-ENSMUSG00000030048+OR+xref%3Aensembl-ENSMUSG00000030067+OR+xref%3Aensembl-ENSMUSG00000030087+OR+xref%3Aensembl-ENSMUSG00000030096+OR+xref%3Aensembl-ENSMUSG00000030147+OR+xref%3Aensembl-ENSMUSG00000030208+OR+xref%3Aensembl-ENSMUSG00000030214+OR+xref%3Aensembl-ENSMUSG00000030218+OR+xref%3Aensembl-ENSMUSG00000030247+OR+xref%3Aensembl-ENSMUSG00000030249+OR+xref%3Aensembl-ENSMUSG00000030268+OR+xref%3Aensembl-ENSMUSG00000030310+OR+xref%3Aensembl-ENSMUSG00000030317+OR+xref%3Aensembl-ENSMUSG00000030319+OR+xref%3Aensembl-ENSMUSG00000030351+OR+xref%3Aensembl-ENSMUSG00000030413+OR+xref%3Aensembl-ENSMUSG00000030562+OR+xref%3Aensembl-ENSMUSG00000030605+OR+xref%3Aensembl-ENSMUSG00000030609+OR+xref%3Aensembl-ENSMUSG00000030666+OR+xref%3Aensembl-ENSMUSG00000030683+OR+xref%3Aensembl-ENSMUSG00000030693%29&format=json&size=500,a58921950c377bb861c8d8161c21ae4ccec96189ad929799ed1c58d2a117ba21,2026-10-08T20:07:37.759870+00:00,2026_03,02-September-2026,77,,17,77
https://rest.uniprot.org/uniprotkb/search?query=organism_id%3A10090+AND+%28xref%3Aensembl-ENSMUSG00000030711+OR+xref%3Aensembl-ENSMUSG00000030787+OR+xref%3Aensembl-ENSMUSG00000030790+OR+xref%3Aensembl-ENSMUSG00000030847+OR+xref%3Aensembl-ENSMUSG00000030898+OR+xref%3Aensembl-ENSMUSG00000030905+OR+xref%3Aensembl-ENSMUSG00000030946+OR+xref%3Aensembl-ENSMUSG00000030967+OR+xref%3Aensembl-ENSMUSG00000030979+OR+xref%3Aensembl-ENSMUSG00000030994+OR+xref%3Aensembl-ENSMUSG00000031099+OR+xref%3Aensembl-ENSMUSG00000031149+OR+xref%3Aensembl-ENSMUSG00000031168+OR+xref%3Aensembl-ENSMUSG00000031266+OR+xref%3Aensembl-ENSMUSG00000031283+OR+xref%3Aensembl-ENSMUSG00000031297+OR+xref%3Aensembl-ENSMUSG00000031328+OR+xref%3Aensembl-ENSMUSG00000031343+OR+xref%3Aensembl-ENSMUSG00000031349+OR+xref%3Aensembl-ENSMUSG00000031351+OR+xref%3Aensembl-ENSMUSG00000031431+OR+xref%3Aensembl-ENSMUSG00000031451+OR+xref%3Aensembl-ENSMUSG00000031465+OR+xref%3Aensembl-ENSMUSG00000031486+OR+xref%3Aensembl-ENSMUSG00000031494%29&format=json&size=500,9b0781bafe1a9332f4f81515692cf7b9908a1a2d086281d0df2af69bbabda359,2026-10-08T20:07:37.760845+00:00,2026_03,02-September-2026,65,,18,65
https://rest.uniprot.org/uniprotkb/search?query=organism_id%3A10090+AND+%28xref%3Aensembl-ENSMUSG00000031503+OR+xref%3Aensembl-ENSMUSG00000031538+OR+xref%3Aensembl-ENSMUSG00000031563+OR+xref%3Aensembl-ENSMUSG00000031596+OR+xref%3Aensembl-ENSMUSG00000031604+OR+xref%3Aensembl-ENSMUSG00000031610+OR+xref%3Aensembl-ENSMUSG00000031613+OR+xref%3Aensembl-ENSMUSG00000031666+OR+xref%3Aensembl-ENSMUSG00000031762+OR+xref%3Aensembl-ENSMUSG00000031772+OR+xref%3Aensembl-ENSMUSG00000031775+OR+xref%3Aensembl-ENSMUSG00000031837+OR+xref%3Aensembl-ENSMUSG00000031871+OR+xref%3Aensembl-ENSMUSG00000031886+OR+xref%3Aensembl-ENSMUSG00000031932+OR+xref%3Aensembl-ENSMUSG00000031960+OR+xref%3Aensembl-ENSMUSG00000032018+OR+xref%3Aensembl-ENSMUSG00000032023+OR+xref%3Aensembl-ENSMUSG00000032028+OR+xref%3Aensembl-ENSMUSG00000032085+OR+xref%3Aensembl-ENSMUSG00000032092+OR+xref%3Aensembl-ENSMUSG00000032127+OR+xref%3Aensembl-ENSMUSG00000032181+OR+xref%3Aensembl-ENSMUSG00000032218+OR+xref%3Aensembl-ENSMUSG00000032281%29&format=json&size=500,910c39f793d3cd753d1852588f0ad6f10002ec304fe1b9317765cd7f1354580a,2026-10-08T20:07:41.155057+00:00,2026_03,02-September-2026,52,,19,52
https://rest.uniprot.org/uniprotkb/search?query=organism_id%3A10090+AND+%28xref%3Aensembl-ENSMUSG00000032289+OR+xref%3Aensembl-ENSMUSG00000032299+OR+xref%3Aensembl-ENSMUSG00000032356+OR+xref%3Aensembl-ENSMUSG00000032418+OR+xref%3Aensembl-ENSMUSG00000032440+OR+xref%3Aensembl-ENSMUSG00000032469+OR+xref%3Aensembl-ENSMUSG00000032531+OR+xref%3Aensembl-ENSMUSG00000032594+OR+xref%3Aensembl-ENSMUSG00000032702+OR+xref%3Aensembl-ENSMUSG00000032725+OR+xref%3Aensembl-ENSMUSG00000032802+OR+xref%3Aensembl-ENSMUSG00000032812+OR+xref%3Aensembl-ENSMUSG00000032925+OR+xref%3Aensembl-ENSMUSG00000032939+OR+xref%3Aensembl-ENSMUSG00000033082+OR+xref%3Aensembl-ENSMUSG00000033208+OR+xref%3Aensembl-ENSMUSG00000033350+OR+xref%3Aensembl-ENSMUSG00000033361+OR+xref%3Aensembl-ENSMUSG00000033419+OR+xref%3Aensembl-ENSMUSG00000033486+OR+xref%3Aensembl-ENSMUSG00000033595+OR+xref%3Aensembl-ENSMUSG00000033633+OR+xref%3Aensembl-ENSMUSG00000033720+OR+xref%3Aensembl-ENSMUSG00000033760+OR+xref%3Aensembl-ENSMUSG00000033847%29&format=json&size=500,7de74f81997a439535e37488ecfebfab6f7d1d43c4e76a607ff2b8411eca6b5b,2026-10-08T20:07:43.057138+00:00,2026_03,02-September-2026,92,,20,92
https://rest.uniprot.org/uniprotkb/search?query=organism_id%3A10090+AND+%28xref%3Aensembl-ENSMUSG00000033855+OR+xref%3Aensembl-ENSMUSG00000033863+OR+xref%3Aensembl-ENSMUSG00000033960+OR+xref%3Aensembl-ENSMUSG00000033966+OR+xref%3Aensembl-ENSMUSG00000033985+OR+xref%3Aensembl-ENSMUSG00000034006+OR+xref%3Aensembl-ENSMUSG00000034107+OR+xref%3Aensembl-ENSMUSG00000034110+OR+xref%3Aensembl-ENSMUSG00000034120+OR+xref%3Aensembl-ENSMUSG00000034227+OR+xref%3Aensembl-ENSMUSG00000034235+OR+xref%3Aensembl-ENSMUSG00000034320+OR+xref%3Aensembl-ENSMUSG00000034353+OR+xref%3Aensembl-ENSMUSG00000034424+OR+xref%3Aensembl-ENSMUSG00000034457+OR+xref%3Aensembl-ENSMUSG00000034522+OR+xref%3Aensembl-ENSMUSG00000034579+OR+xref%3Aensembl-ENSMUSG00000034614+OR+xref%3Aensembl-ENSMUSG00000034842+OR+xref%3Aensembl-ENSMUSG00000034845+OR+xref%3Aensembl-ENSMUSG00000034880+OR+xref%3Aensembl-ENSMUSG00000034906+OR+xref%3Aensembl-ENSMUSG00000035000+OR+xref%3Aensembl-ENSMUSG00000035105+OR+xref%3Aensembl-ENSMUSG00000035242%29&format=json&size=500,f0154e31fdd6170b7f206989bb4307223438aae4b217e1be7f5669fb5e9755ad,2026-10-08T20:07:42.192694+00:00,2026_03,02-September-2026,65,,21,65
https://rest.uniprot.org/uniprotkb/search?query=organism_id%3A10090+AND+%28xref%3Aensembl-ENSMUSG00000035305+OR+xref%3Aensembl-ENSMUSG00000035385+OR+xref%3Aensembl-ENSMUSG00000035649+OR+xref%3Aensembl-ENSMUSG00000035697+OR+xref%3Aensembl-ENSMUSG00000035699+OR+xref%3Aensembl-ENSMUSG00000035877+OR+xref%3Aensembl-ENSMUSG00000035948+OR+xref%3Aensembl-ENSMUSG00000036067+OR+xref%3Aensembl-ENSMUSG00000036078+OR+xref%3Aensembl-ENSMUSG00000036353+OR+xref%3Aensembl-ENSMUSG00000036390+OR+xref%3Aensembl-ENSMUSG00000036545+OR+xref%3Aensembl-ENSMUSG00000036594+OR+xref%3Aensembl-ENSMUSG00000036678+OR+xref%3Aensembl-ENSMUSG00000036833+OR+xref%3Aensembl-ENSMUSG00000036850+OR+xref%3Aensembl-ENSMUSG00000036863+OR+xref%3Aensembl-ENSMUSG00000036867+OR+xref%3Aensembl-ENSMUSG00000036972+OR+xref%3Aensembl-ENSMUSG00000037003+OR+xref%3Aensembl-ENSMUSG00000037071+OR+xref%3Aensembl-ENSMUSG00000037161+OR+xref%3Aensembl-ENSMUSG00000037172+OR+xref%3Aensembl-ENSMUSG00000037313+OR+xref%3Aensembl-ENSMUSG00000037355%29&format=json&size=500,d51393dbe670d21c890b0abb7e262f99a196ee847dbdb42ae9025e7eb3a209c9,2026-10-08T20:07:45.649647+00:00,2026_03,02-September-2026,71,,22,71
https://rest.uniprot.org/uniprotkb/search?query=organism_id%3A10090+AND+%28xref%3Aensembl-ENSMUSG00000037428+OR+xref%3Aensembl-ENSMUSG00000037465+OR+xref%3Aensembl-ENSMUSG00000037537+OR+xref%3Aensembl-ENSMUSG00000037601+OR+xref%3Aensembl-ENSMUSG00000037628+OR+xref%3Aensembl-ENSMUSG00000037656+OR+xref%3Aensembl-ENSMUSG00000037664+OR+xref%3Aensembl-ENSMUSG00000037725+OR+xref%3Aensembl-ENSMUSG00000037736+OR+xref%3Aensembl-ENSMUSG00000037747+OR+xref%3Aensembl-ENSMUSG00000037872+OR+xref%3Aensembl-ENSMUSG00000038007+OR+xref%3Aensembl-ENSMUSG00000038042+OR+xref%3Aensembl-ENSMUSG00000038064+OR+xref%3Aensembl-ENSMUSG00000038095+OR+xref%3Aensembl-ENSMUSG00000038179+OR+xref%3Aensembl-ENSMUSG00000038217+OR+xref%3Aensembl-ENSMUSG00000038252+OR+xref%3Aensembl-ENSMUSG00000038332+OR+xref%3Aensembl-ENSMUSG00000038370+OR+xref%3Aensembl-ENSMUSG00000038393+OR+xref%3Aensembl-ENSMUSG00000038495+OR+xref%3Aensembl-ENSMUSG00000038496+OR+xref%3Aensembl-ENSMUSG00000038506+OR+xref%3Aensembl-ENSMUSG00000038534%29&format=json&size=500,dc6236e769d237b26b78e038f102793a6cd0c6604d7c5b5e222f3d1729976747,2026-10-08T20:07:46.597790+00:00,2026_03,02-September-2026,75,,23,75
https://rest.uniprot.org/uniprotkb/search?query=organism_id%3A10090+AND+%28xref%3Aensembl-ENSMUSG00000038546+OR+xref%3Aensembl-ENSMUSG00000038555+OR+xref%3Aensembl-ENSMUSG00000038583+OR+xref%3Aensembl-ENSMUSG00000038642+OR+xref%3Aensembl-ENSMUSG00000038683+OR+xref%3Aensembl-ENSMUSG00000038742+OR+xref%3Aensembl-ENSMUSG00000038860+OR+xref%3Aensembl-ENSMUSG00000038957+OR+xref%3Aensembl-ENSMUSG00000039109+OR+xref%3Aensembl-ENSMUSG00000039114+OR+xref%3Aensembl-ENSMUSG00000039167+OR+xref%3Aensembl-ENSMUSG00000039194+OR+xref%3Aensembl-ENSMUSG00000039195+OR+xref%3Aensembl-ENSMUSG00000039221+OR+xref%3Aensembl-ENSMUSG00000039275+OR+xref%3Aensembl-ENSMUSG00000039307+OR+xref%3Aensembl-ENSMUSG00000039313+OR+xref%3Aensembl-ENSMUSG00000039405+OR+xref%3Aensembl-ENSMUSG00000039450+OR+xref%3Aensembl-ENSMUSG00000039457+OR+xref%3Aensembl-ENSMUSG00000039621+OR+xref%3Aensembl-ENSMUSG00000039670+OR+xref%3Aensembl-ENSMUSG00000039770+OR+xref%3Aensembl-ENSMUSG00000039831+OR+xref%3Aensembl-ENSMUSG00000039958%29&format=json&size=500,25ec217fcbb0ff2c8dd76c1f3267414fe36e5ac0f3593e283b88dc176791ef87,2026-10-08T20:07:47.116522+00:00,2026_03,02-September-2026,75,,24,75
https://rest.uniprot.org/uniprotkb/search?query=organism_id%3A10090+AND+%28xref%3Aensembl-ENSMUSG00000039967+OR+xref%3Aensembl-ENSMUSG00000040084+OR+xref%3Aensembl-ENSMUSG00000040138+OR+xref%3Aensembl-ENSMUSG00000040170+OR+xref%3Aensembl-ENSMUSG00000040272+OR+xref%3Aensembl-ENSMUSG00000040451+OR+xref%3Aensembl-ENSMUSG00000040459+OR+xref%3Aensembl-ENSMUSG00000040488+OR+xref%3Aensembl-ENSMUSG00000040592+OR+xref%3Aensembl-ENSMUSG00000040666+OR+xref%3Aensembl-ENSMUSG00000040711+OR+xref%3Aensembl-ENSMUSG00000040936+OR+xref%3Aensembl-ENSMUSG00000040943+OR+xref%3Aensembl-ENSMUSG00000040950+OR+xref%3Aensembl-ENSMUSG00000041120+OR+xref%3Aensembl-ENSMUSG00000041220+OR+xref%3Aensembl-ENSMUSG00000041263+OR+xref%3Aensembl-ENSMUSG00000041361+OR+xref%3Aensembl-ENSMUSG00000041417+OR+xref%3Aensembl-ENSMUSG00000041431+OR+xref%3Aensembl-ENSMUSG00000041440+OR+xref%3Aensembl-ENSMUSG00000041515+OR+xref%3Aensembl-ENSMUSG00000041544+OR+xref%3Aensembl-ENSMUSG00000041577+OR+xref%3Aensembl-ENSMUSG00000041653%29&format=json&size=500,dcb2220547b1836bb88f45a2b4319b0a7272b5f22e52d633c3f8f84873d688fe,2026-10-08T20:07:50.366790+00:00,2026_03,02-September-2026,69,,25,69
https://rest.uniprot.org/uniprotkb/search?query=organism_id%3A10090+AND+%28xref%3Aensembl-ENSMUSG00000041679+OR+xref%3Aensembl-ENSMUSG00000041773+OR+xref%3Aensembl-ENSMUSG00000041801+OR+xref%3Aensembl-ENSMUSG00000041831+OR+xref%3Aensembl-ENSMUSG00000041889+OR+xref%3Aensembl-ENSMUSG00000041920+OR+xref%3Aensembl-ENSMUSG00000041939+OR+xref%3Aensembl-ENSMUSG00000042195+OR+xref%3Aensembl-ENSMUSG00000042254+OR+xref%3Aensembl-ENSMUSG00000042303+OR+xref%3Aensembl-ENSMUSG00000042312+OR+xref%3Aensembl-ENSMUSG00000042485+OR+xref%3Aensembl-ENSMUSG00000042524+OR+xref%3Aensembl-ENSMUSG00000042607+OR+xref%3Aensembl-ENSMUSG00000042626+OR+xref%3Aensembl-ENSMUSG00000042817+OR+xref%3Aensembl-ENSMUSG00000042826+OR+xref%3Aensembl-ENSMUSG00000042961+OR+xref%3Aensembl-ENSMUSG00000043017+OR+xref%3Aensembl-ENSMUSG00000043631+OR+xref%3Aensembl-ENSMUSG00000043873+OR+xref%3Aensembl-ENSMUSG00000043924+OR+xref%3Aensembl-ENSMUSG00000044337+OR+xref%3Aensembl-ENSMUSG00000044349+OR+xref%3Aensembl-ENSMUSG00000044534%29&format=json&size=500,ee9f2cc830a941d0afda571f85eb4335d8875f1622229439fdf7c366b5a5df31,2026-10-08T20:07:50.408946+00:00,2026_03,02-September-2026,66,,26,66
https://rest.uniprot.org/uniprotkb/search?query=organism_id%3A10090+AND+%28xref%3Aensembl-ENSMUSG00000044730+OR+xref%3Aensembl-ENSMUSG00000044734+OR+xref%3Aensembl-ENSMUSG00000044783+OR+xref%3Aensembl-ENSMUSG00000044881+OR+xref%3Aensembl-ENSMUSG00000045094+OR+xref%3Aensembl-ENSMUSG00000045136+OR+xref%3Aensembl-ENSMUSG00000045140+OR+xref%3Aensembl-ENSMUSG00000045246+OR+xref%3Aensembl-ENSMUSG00000045259+OR+xref%3Aensembl-ENSMUSG00000045930+OR+xref%3Aensembl-ENSMUSG00000045954+OR+xref%3Aensembl-ENSMUSG00000046056+OR+xref%3Aensembl-ENSMUSG00000046314+OR+xref%3Aensembl-ENSMUSG00000046317+OR+xref%3Aensembl-ENSMUSG00000046318+OR+xref%3Aensembl-ENSMUSG00000046321+OR+xref%3Aensembl-ENSMUSG00000046447+OR+xref%3Aensembl-ENSMUSG00000046727+OR+xref%3Aensembl-ENSMUSG00000046731+OR+xref%3Aensembl-ENSMUSG00000046768+OR+xref%3Aensembl-ENSMUSG00000046805+OR+xref%3Aensembl-ENSMUSG00000046818+OR+xref%3Aensembl-ENSMUSG00000046854+OR+xref%3Aensembl-ENSMUSG00000046897+OR+xref%3Aensembl-ENSMUSG00000046949%29&format=json&size=500,31707e52696fedd5f6af2bb39731819c8ac58d5858dad59e4c9fe49b414f9b07,2026-10-08T20:07:50.479428+00:00,2026_03,02-September-2026,55,,27,55
https://rest.uniprot.org/uniprotkb/search?query=organism_id%3A10090+AND+%28xref%3Aensembl-ENSMUSG00000047246+OR+xref%3Aensembl-ENSMUSG00000047446+OR+xref%3Aensembl-ENSMUSG00000047554+OR+xref%3Aensembl-ENSMUSG00000047786+OR+xref%3Aensembl-ENSMUSG00000047909+OR+xref%3Aensembl-ENSMUSG00000048001+OR+xref%3Aensembl-ENSMUSG00000048100+OR+xref%3Aensembl-ENSMUSG00000048355+OR+xref%3Aensembl-ENSMUSG00000048368+OR+xref%3Aensembl-ENSMUSG00000048373+OR+xref%3Aensembl-ENSMUSG00000048387+OR+xref%3Aensembl-ENSMUSG00000048402+OR+xref%3Aensembl-ENSMUSG00000048482+OR+xref%3Aensembl-ENSMUSG00000048970+OR+xref%3Aensembl-ENSMUSG00000048988+OR+xref%3Aensembl-ENSMUSG00000049115+OR+xref%3Aensembl-ENSMUSG00000049281+OR+xref%3Aensembl-ENSMUSG00000049649+OR+xref%3Aensembl-ENSMUSG00000049878+OR+xref%3Aensembl-ENSMUSG00000050248+OR+xref%3Aensembl-ENSMUSG00000050505+OR+xref%3Aensembl-ENSMUSG00000050552+OR+xref%3Aensembl-ENSMUSG00000050623+OR+xref%3Aensembl-ENSMUSG00000050666+OR+xref%3Aensembl-ENSMUSG00000050910%29&format=json&size=500,e9608972f7d9bcd40539b7cbcaddb3ac816a0940a654273eb5f98aaa3eccdacc,2026-10-08T20:07:54.297001+00:00,2026_03,02-September-2026,55,,28,55
https://rest.uniprot.org/uniprotkb/search?query=organism_id%3A10090+AND+%28xref%3Aensembl-ENSMUSG00000051159+OR+xref%3Aensembl-ENSMUSG00000051278+OR+xref%3Aensembl-ENSMUSG00000051469+OR+xref%3Aensembl-ENSMUSG00000051495+OR+xref%3Aensembl-ENSMUSG00000051504+OR+xref%3Aensembl-ENSMUSG00000051648+OR+xref%3Aensembl-ENSMUSG00000051790+OR+xref%3Aensembl-ENSMUSG00000051811+OR+xref%3Aensembl-ENSMUSG00000051855+OR+xref%3Aensembl-ENSMUSG00000052336+OR+xref%3Aensembl-ENSMUSG00000052675+OR+xref%3Aensembl-ENSMUSG00000052911+OR+xref%3Aensembl-ENSMUSG00000052949+OR+xref%3Aensembl-ENSMUSG00000052957+OR+xref%3Aensembl-ENSMUSG00000053063+OR+xref%3Aensembl-ENSMUSG00000053175+OR+xref%3Aensembl-ENSMUSG00000053279+OR+xref%3Aensembl-ENSMUSG00000053470+OR+xref%3Aensembl-ENSMUSG00000053644+OR+xref%3Aensembl-ENSMUSG00000053687+OR+xref%3Aensembl-ENSMUSG00000053964+OR+xref%3Aensembl-ENSMUSG00000054150+OR+xref%3Aensembl-ENSMUSG00000054641+OR+xref%3Aensembl-ENSMUSG00000054717+OR+xref%3Aensembl-ENSMUSG00000054863%29&format=json&size=500,6b54eade5371a3fb14887f827bed68c84eee05867abc991de18446d20949dde8,2026-10-08T20:07:54.984586+00:00,2026_03,02-September-2026,70,,29,70
https://rest.uniprot.org/uniprotkb/search?query=organism_id%3A10090+AND+%28xref%3Aensembl-ENSMUSG00000055407+OR+xref%3Aensembl-ENSMUSG00000056167+OR+xref%3Aensembl-ENSMUSG00000056313+OR+xref%3Aensembl-ENSMUSG00000056812+OR+xref%3Aensembl-ENSMUSG00000056900+OR+xref%3Aensembl-ENSMUSG00000056947+OR+xref%3Aensembl-ENSMUSG00000056999+OR+xref%3Aensembl-ENSMUSG00000057497+OR+xref%3Aensembl-ENSMUSG00000057766+OR+xref%3Aensembl-ENSMUSG00000057897+OR+xref%3Aensembl-ENSMUSG00000058135+OR+xref%3Aensembl-ENSMUSG00000058145+OR+xref%3Aensembl-ENSMUSG00000058258+OR+xref%3Aensembl-ENSMUSG00000058388+OR+xref%3Aensembl-ENSMUSG00000058488+OR+xref%3Aensembl-ENSMUSG00000058571+OR+xref%3Aensembl-ENSMUSG00000058620+OR+xref%3Aensembl-ENSMUSG00000058672+OR+xref%3Aensembl-ENSMUSG00000058756+OR+xref%3Aensembl-ENSMUSG00000058966+OR+xref%3Aensembl-ENSMUSG00000059173+OR+xref%3Aensembl-ENSMUSG00000059430+OR+xref%3Aensembl-ENSMUSG00000059743+OR+xref%3Aensembl-ENSMUSG00000059772+OR+xref%3Aensembl-ENSMUSG00000059970%29&format=json&size=500,727353eb64ee722892fa66c907897ab62253bc4ce807c6dfd738f3279c995ae1,2026-10-08T20:07:55.535191+00:00,2026_03,02-September-2026,75,,30,75
https://rest.uniprot.org/uniprotkb/search?query=organism_id%3A10090+AND+%28xref%3Aensembl-ENSMUSG00000060152+OR+xref%3Aensembl-ENSMUSG00000060240+OR+xref%3Aensembl-ENSMUSG00000060568+OR+xref%3Aensembl-ENSMUSG00000060586+OR+xref%3Aensembl-ENSMUSG00000060594+OR+xref%3Aensembl-ENSMUSG00000060923+OR+xref%3Aensembl-ENSMUSG00000060981+OR+xref%3Aensembl-ENSMUSG00000061132+OR+xref%3Aensembl-ENSMUSG00000061184+OR+xref%3Aensembl-ENSMUSG00000061353+OR+xref%3Aensembl-ENSMUSG00000061474+OR+xref%3Aensembl-ENSMUSG00000061654+OR+xref%3Aensembl-ENSMUSG00000061702+OR+xref%3Aensembl-ENSMUSG00000061740+OR+xref%3Aensembl-ENSMUSG00000062168+OR+xref%3Aensembl-ENSMUSG00000062329+OR+xref%3Aensembl-ENSMUSG00000062593+OR+xref%3Aensembl-ENSMUSG00000063011+OR+xref%3Aensembl-ENSMUSG00000063415+OR+xref%3Aensembl-ENSMUSG00000063594+OR+xref%3Aensembl-ENSMUSG00000063683+OR+xref%3Aensembl-ENSMUSG00000063884+OR+xref%3Aensembl-ENSMUSG00000064284+OR+xref%3Aensembl-ENSMUSG00000065954+OR+xref%3Aensembl-ENSMUSG00000066441%29&format=json&size=500,ed13ae710255327cf4f9fd06b6adb63a37da067c8d8eafd6aecb7ea0ef8a7937,2026-10-08T20:07:58.038593+00:00,2026_03,02-September-2026,57,,31,57
https://rest.uniprot.org/uniprotkb/search?query=organism_id%3A10090+AND+%28xref%3Aensembl-ENSMUSG00000066687+OR+xref%3Aensembl-ENSMUSG00000066705+OR+xref%3Aensembl-ENSMUSG00000066829+OR+xref%3Aensembl-ENSMUSG00000066892+OR+xref%3Aensembl-ENSMUSG00000066894+OR+xref%3Aensembl-ENSMUSG00000066952+OR+xref%3Aensembl-ENSMUSG00000067818+OR+xref%3Aensembl-ENSMUSG00000068220+OR+xref%3Aensembl-ENSMUSG00000068566+OR+xref%3Aensembl-ENSMUSG00000068744+OR+xref%3Aensembl-ENSMUSG00000068749+OR+xref%3Aensembl-ENSMUSG00000068874+OR+xref%3Aensembl-ENSMUSG00000069085+OR+xref%3Aensembl-ENSMUSG00000069135+OR+xref%3Aensembl-ENSMUSG00000069792+OR+xref%3Aensembl-ENSMUSG00000069833+OR+xref%3Aensembl-ENSMUSG00000069844+OR+xref%3Aensembl-ENSMUSG00000070284+OR+xref%3Aensembl-ENSMUSG00000070550+OR+xref%3Aensembl-ENSMUSG00000070576+OR+xref%3Aensembl-ENSMUSG00000070604+OR+xref%3Aensembl-ENSMUSG00000070873+OR+xref%3Aensembl-ENSMUSG00000070934+OR+xref%3Aensembl-ENSMUSG00000071001+OR+xref%3Aensembl-ENSMUSG00000071176%29&format=json&size=500,aad56732bc05e57319334918da9ecd9439bc5a0680e810532e71de1c3e94a02b,2026-10-08T20:07:58.235441+00:00,2026_03,02-September-2026,50,,32,50
https://rest.uniprot.org/uniprotkb/search?query=organism_id%3A10090+AND+%28xref%3Aensembl-ENSMUSG00000071350+OR+xref%3Aensembl-ENSMUSG00000071656+OR+xref%3Aensembl-ENSMUSG00000072640+OR+xref%3Aensembl-ENSMUSG00000072774+OR+xref%3Aensembl-ENSMUSG00000072889+OR+xref%3Aensembl-ENSMUSG00000072949+OR+xref%3Aensembl-ENSMUSG00000073421+OR+xref%3Aensembl-ENSMUSG00000073676+OR+xref%3Aensembl-ENSMUSG00000073802+OR+xref%3Aensembl-ENSMUSG00000073838+OR+xref%3Aensembl-ENSMUSG00000074111+OR+xref%3Aensembl-ENSMUSG00000074170+OR+xref%3Aensembl-ENSMUSG00000074207+OR+xref%3Aensembl-ENSMUSG00000074218+OR+xref%3Aensembl-ENSMUSG00000074259+OR+xref%3Aensembl-ENSMUSG00000074264+OR+xref%3Aensembl-ENSMUSG00000074457+OR+xref%3Aensembl-ENSMUSG00000074575+OR+xref%3Aensembl-ENSMUSG00000074629+OR+xref%3Aensembl-ENSMUSG00000074794+OR+xref%3Aensembl-ENSMUSG00000075605+OR+xref%3Aensembl-ENSMUSG00000075705+OR+xref%3Aensembl-ENSMUSG00000076441+OR+xref%3Aensembl-ENSMUSG00000078235+OR+xref%3Aensembl-ENSMUSG00000078439%29&format=json&size=500,04536980cf174e33bc79a4f425bbea989b69d943e9b7bbdaf8ad96d95fe865b2,2026-10-08T20:07:58.598712+00:00,2026_03,02-September-2026,45,,33,45
https://rest.uniprot.org/uniprotkb/search?query=organism_id%3A10090+AND+%28xref%3Aensembl-ENSMUSG00000078451+OR+xref%3Aensembl-ENSMUSG00000078578+OR+xref%3Aensembl-ENSMUSG00000078627+OR+xref%3Aensembl-ENSMUSG00000078713+OR+xref%3Aensembl-ENSMUSG00000078851+OR+xref%3Aensembl-ENSMUSG00000078958+OR+xref%3Aensembl-ENSMUSG00000079415+OR+xref%3Aensembl-ENSMUSG00000079436+OR+xref%3Aensembl-ENSMUSG00000079442+OR+xref%3Aensembl-ENSMUSG00000079481+OR+xref%3Aensembl-ENSMUSG00000079511+OR+xref%3Aensembl-ENSMUSG00000079845+OR+xref%3Aensembl-ENSMUSG00000082229+OR+xref%3Aensembl-ENSMUSG00000090302+OR+xref%3Aensembl-ENSMUSG00000090394+OR+xref%3Aensembl-ENSMUSG00000090622+OR+xref%3Aensembl-ENSMUSG00000090667+OR+xref%3Aensembl-ENSMUSG00000090958+OR+xref%3Aensembl-ENSMUSG00000091405+OR+xref%3Aensembl-ENSMUSG00000091712+OR+xref%3Aensembl-ENSMUSG00000093973+OR+xref%3Aensembl-ENSMUSG00000094500+OR+xref%3Aensembl-ENSMUSG00000094910+OR+xref%3Aensembl-ENSMUSG00000095362+OR+xref%3Aensembl-ENSMUSG00000096472%29&format=json&size=500,f67363bf427b63596f1bc729a60d441c8357118c8fb0423157a26a94cec949cb,2026-10-08T20:08:00.440179+00:00,2026_03,02-September-2026,45,,34,45
https://rest.uniprot.org/uniprotkb/search?query=organism_id%3A10090+AND+%28xref%3Aensembl-ENSMUSG00000096719+OR+xref%3Aensembl-ENSMUSG00000097789+OR+xref%3Aensembl-ENSMUSG00000101389+OR+xref%3Aensembl-ENSMUSG00000101860%29&format=json&size=500,5a6abe4302f20e03738e73a7b1e66c3d1680818d15d4b27cf15500694b9f8638,2026-10-08T20:07:59.084401+00:00,2026_03,02-September-2026,6,,35,6
