step_id,part,name,input,output
01,input,dataset_selection_and_QC,genome_scale_data_and_metadata,audited_samples_counts_QC
02,input,differential_expression,accepted_counts_and_design,all_genes_and_significant_coding_DEGs
03,structural,gene_protein_mapping,significant_coding_DEGs,mapping_and_canonical_FASTA
04,structural,cysteine_inventory,canonical_sequences,Cys_sites_and_counts
05,structural,structure_and_local_QC,Cys_inventory_and_structures,eligible_site_structure_map
06,structural,chemical_state,eligible_structural_sites,state_audit
07,structural,feature_extraction,state_and_quality_eligible_sites,SASA_pKa_distance
08,structural,scoring_and_ranking,complete_primary_features,site_scores_protein_ranking_shortlist
09,structural,validation_and_robustness,frozen_scores_and_independent_data,performance_robustness_interpretation_status
10,interpretation,biological_interpretation,ranking_and_evidence,final_candidates_enrichment_report
