gene,present_in_GSE160543
Add1,True
Aifm3,True
Ankh,True
Anxa1,True
App,True
Atf3,True
Avpr1a,True
Bax,True
Bcap31,True
Bcl10,True
Bcl2l1,True
Bcl2l10,False
Bcl2l11,True
Bcl2l2,True
Bgn,True
Bid,True
Bik,True
Birc3,True
Bmf,True
Bmp2,True
Bnip3l,True
Brca1,True
Btg2,True
Btg3,True
Casp1,True
Casp2,True
Casp3,True
Casp4,True
Casp6,False
Casp7,True
Casp8,True
Casp9,True
Cav1,True
Ccna1,True
Ccnd1,True
Ccnd2,True
Cd14,True
Cd2,True
Cd38,True
Cd44,True
Cd69,False
Cdc25b,True
Cdk2,True
Cdkn1a,True
Cdkn1b,True
Cflar,True
Clu,True
Crebbp,True
Cth,True
Ctnnb1,True
Cyld,True
Dap,True
Dap3,True
Dcn,True
Ddit3,True
Dffa,True
Diablo,True
Dnaja1,True
Dnajc3,True
Dnm1l,True
Dpyd,True
Ebp,True
Egr3,True
Emp1,True
Eno2,True
Erbb2,True
Erbb3,True
Ereg,False
Etf1,True
F2,False
F2r,True
Fas,True
Faslg,True
Fdxr,True
Fez1,True
Gadd45a,True
Gadd45b,True
Gch1,True
Gna15,True
Gpx1,True
Gpx3,True
Gpx4,True
Gsn,True
Gsr,True
Gstm6,True
Gucy2d,False
H1f0,True
Hgf,True
Hmgb2,True
Hmox1,True
Hspb1,True
Ier3,True
Ifitm3,True
Ifnb1,False
Ifngr1,True
Igf2r,True
Igfbp6,True
Il18,True
Il1a,False
Il1b,True
Il6,False
Irf1,True
Isg20,True
Jun,True
Krt18,False
Lef1,True
Lgals3,True
Lmna,True
Lum,True
Madd,True
Mcl1,True
Mgmt,True
Mmp2,True
Nedd9,True
Nefh,True
Pak1,True
Pdcd4,True
Pdgfrb,True
Pea15,True
Plat,True
Plcb2,True
Plppr4,True
Pmaip1,True
Ppp2r5b,True
Ppp3r1,True
Ppt1,True
Prf1,False
Psen1,True
Psen2,True
Ptk2,True
Rara,True
Rela,True
Retsat,True
Rhob,True
Rhot2,True
Rnasel,True
Rock1,True
Sat1,True
Satb1,True
Sc5d,True
Slc20a1,True
Smad7,True
Sod1,True
Sptan1,True
Sqstm1,True
Tap1,True
Tgfb2,True
Tgfbr3,True
Timp1,True
Timp2,True
Timp3,True
Tnf,False
Tnfrsf12a,True
Tnfsf10,True
Top2a,True
Tspo,True
Txnip,True
Vdac2,True
Wee1,True
Xiap,True
