signature,rat_gene_symbol
GOBP_FERROPTOSIS,Acly
GOBP_FERROPTOSIS,Acsl4
GOBP_FERROPTOSIS,Adgrg1
GOBP_FERROPTOSIS,Aifm2
GOBP_FERROPTOSIS,Aldh7a1
GOBP_FERROPTOSIS,Camk2a
GOBP_FERROPTOSIS,Dhcr7
GOBP_FERROPTOSIS,Egln3
GOBP_FERROPTOSIS,Fth1
GOBP_FERROPTOSIS,Gpx4
GOBP_FERROPTOSIS,Gstp1
GOBP_FERROPTOSIS,Hdac3
GOBP_FERROPTOSIS,Hmox1
GOBP_FERROPTOSIS,Hspa8
GOBP_FERROPTOSIS,Kat2b
GOBP_FERROPTOSIS,Lamp2
GOBP_FERROPTOSIS,Nfe2l2
GOBP_FERROPTOSIS,Ninj1
GOBP_FERROPTOSIS,Nqo1
GOBP_FERROPTOSIS,Pck2
GOBP_FERROPTOSIS,Prkaa1
GOBP_FERROPTOSIS,Prkcb
GOBP_FERROPTOSIS,Psat1
GOBP_FERROPTOSIS,Sc5d
GOBP_FERROPTOSIS,Slc25a1
GOBP_FERROPTOSIS,Slc39a7
GOBP_FERROPTOSIS,Slc7a11
GOBP_FERROPTOSIS,Smurf2
GOBP_FERROPTOSIS,Sqstm1
GOBP_FERROPTOSIS,Tmem164
WP_FERROPTOSIS,Acsl1
WP_FERROPTOSIS,Acsl3
WP_FERROPTOSIS,Acsl4
WP_FERROPTOSIS,Acsl5
WP_FERROPTOSIS,Acsl6
WP_FERROPTOSIS,Aifm2
WP_FERROPTOSIS,AKR1C3l1
WP_FERROPTOSIS,Akr1c1
WP_FERROPTOSIS,Akr1c14
WP_FERROPTOSIS,Akr1c2
WP_FERROPTOSIS,Akr1c3
WP_FERROPTOSIS,Alox15
WP_FERROPTOSIS,Atg5
WP_FERROPTOSIS,Atg7
WP_FERROPTOSIS,Bach1
WP_FERROPTOSIS,Cbs
WP_FERROPTOSIS,Chmp5
WP_FERROPTOSIS,Chmp6
WP_FERROPTOSIS,Cisd1
WP_FERROPTOSIS,Coq2
WP_FERROPTOSIS,Cp
WP_FERROPTOSIS,Cth
WP_FERROPTOSIS,Cybb
WP_FERROPTOSIS,Dpp4
WP_FERROPTOSIS,Fdft1
WP_FERROPTOSIS,Fth1
WP_FERROPTOSIS,Ftl1
WP_FERROPTOSIS,Ftl1l1
WP_FERROPTOSIS,LOC100359668
WP_FERROPTOSIS,Ftmt
WP_FERROPTOSIS,Gch1
WP_FERROPTOSIS,Gclc
WP_FERROPTOSIS,Gclm
WP_FERROPTOSIS,Gpx4
WP_FERROPTOSIS,Gss
WP_FERROPTOSIS,Hmgcr
WP_FERROPTOSIS,Hmox1
WP_FERROPTOSIS,Hspb1
WP_FERROPTOSIS,Ireb2
WP_FERROPTOSIS,Lpcat3
WP_FERROPTOSIS,Map1lc3a
WP_FERROPTOSIS,Map1lc3b
WP_FERROPTOSIS,Ncoa4
WP_FERROPTOSIS,Nox1
WP_FERROPTOSIS,Nox4
WP_FERROPTOSIS,Pcbp1
WP_FERROPTOSIS,Pcbp2
WP_FERROPTOSIS,Phkg2
WP_FERROPTOSIS,Por
WP_FERROPTOSIS,Prnp
WP_FERROPTOSIS,Sat1
WP_FERROPTOSIS,Sat2
WP_FERROPTOSIS,Slc11a2
WP_FERROPTOSIS,Slc1a5
WP_FERROPTOSIS,Slc38a1
WP_FERROPTOSIS,Slc39a14
WP_FERROPTOSIS,Slc39a8
WP_FERROPTOSIS,Slc3a2
WP_FERROPTOSIS,Slc40a1
WP_FERROPTOSIS,Slc7a11
WP_FERROPTOSIS,Steap3
WP_FERROPTOSIS,Tf
WP_FERROPTOSIS,Tfrc
WP_FERROPTOSIS,Tp53
WP_FERROPTOSIS,Txnrd1
WP_FERROPTOSIS,Vdac2
WP_FERROPTOSIS,Vdac3
HALLMARK_APOPTOSIS,Add1
HALLMARK_APOPTOSIS,Aifm3
HALLMARK_APOPTOSIS,Ankh
HALLMARK_APOPTOSIS,Anxa1
HALLMARK_APOPTOSIS,App
HALLMARK_APOPTOSIS,Atf3
HALLMARK_APOPTOSIS,Avpr1a
HALLMARK_APOPTOSIS,Bax
HALLMARK_APOPTOSIS,Bcap31
HALLMARK_APOPTOSIS,Bcl10
HALLMARK_APOPTOSIS,Bcl2l1
HALLMARK_APOPTOSIS,Bcl2l10
HALLMARK_APOPTOSIS,Bcl2l11
HALLMARK_APOPTOSIS,Bcl2l2
HALLMARK_APOPTOSIS,Bgn
HALLMARK_APOPTOSIS,Bid
HALLMARK_APOPTOSIS,Bik
HALLMARK_APOPTOSIS,Birc3
HALLMARK_APOPTOSIS,Bmf
HALLMARK_APOPTOSIS,Bmp2
HALLMARK_APOPTOSIS,Bnip3l
HALLMARK_APOPTOSIS,Brca1
HALLMARK_APOPTOSIS,Btg2
HALLMARK_APOPTOSIS,Btg3
HALLMARK_APOPTOSIS,Casp1
HALLMARK_APOPTOSIS,Casp2
HALLMARK_APOPTOSIS,Casp3
HALLMARK_APOPTOSIS,Casp4
HALLMARK_APOPTOSIS,Casp6
HALLMARK_APOPTOSIS,Casp7
HALLMARK_APOPTOSIS,Casp8
HALLMARK_APOPTOSIS,Casp9
HALLMARK_APOPTOSIS,Cav1
HALLMARK_APOPTOSIS,Ccna1
HALLMARK_APOPTOSIS,Ccnd1
HALLMARK_APOPTOSIS,Ccnd2
HALLMARK_APOPTOSIS,Cd14
HALLMARK_APOPTOSIS,Cd2
HALLMARK_APOPTOSIS,Cd38
HALLMARK_APOPTOSIS,Cd44
HALLMARK_APOPTOSIS,Cd69
HALLMARK_APOPTOSIS,Cdc25b
HALLMARK_APOPTOSIS,Cdk2
HALLMARK_APOPTOSIS,Cdkn1a
HALLMARK_APOPTOSIS,Cdkn1b
HALLMARK_APOPTOSIS,Cflar
HALLMARK_APOPTOSIS,Clu
HALLMARK_APOPTOSIS,Crebbp
HALLMARK_APOPTOSIS,Cth
HALLMARK_APOPTOSIS,Ctnnb1
HALLMARK_APOPTOSIS,Cyld
HALLMARK_APOPTOSIS,Dap
HALLMARK_APOPTOSIS,Dap3
HALLMARK_APOPTOSIS,Dcn
HALLMARK_APOPTOSIS,Ddit3
HALLMARK_APOPTOSIS,Dffa
HALLMARK_APOPTOSIS,Diablo
HALLMARK_APOPTOSIS,Dnaja1
HALLMARK_APOPTOSIS,Dnajc3
HALLMARK_APOPTOSIS,Dnm1l
HALLMARK_APOPTOSIS,Dpyd
HALLMARK_APOPTOSIS,Ebp
HALLMARK_APOPTOSIS,Egr3
HALLMARK_APOPTOSIS,Emp1
HALLMARK_APOPTOSIS,Eno2
HALLMARK_APOPTOSIS,Erbb2
HALLMARK_APOPTOSIS,Erbb3
HALLMARK_APOPTOSIS,Ereg
HALLMARK_APOPTOSIS,Etf1
HALLMARK_APOPTOSIS,F2
HALLMARK_APOPTOSIS,F2r
HALLMARK_APOPTOSIS,Fas
HALLMARK_APOPTOSIS,Faslg
HALLMARK_APOPTOSIS,Fdxr
HALLMARK_APOPTOSIS,Fez1
HALLMARK_APOPTOSIS,Gadd45a
HALLMARK_APOPTOSIS,Gadd45b
HALLMARK_APOPTOSIS,Gch1
HALLMARK_APOPTOSIS,Gna15
HALLMARK_APOPTOSIS,Gpx1
HALLMARK_APOPTOSIS,Gpx3
HALLMARK_APOPTOSIS,Gpx4
HALLMARK_APOPTOSIS,Gsn
HALLMARK_APOPTOSIS,Gsr
HALLMARK_APOPTOSIS,Gstm6
HALLMARK_APOPTOSIS,Gucy2d
HALLMARK_APOPTOSIS,H1f0
HALLMARK_APOPTOSIS,Hgf
HALLMARK_APOPTOSIS,Hmgb2
HALLMARK_APOPTOSIS,Hmox1
HALLMARK_APOPTOSIS,Hspb1
HALLMARK_APOPTOSIS,Ier3
HALLMARK_APOPTOSIS,Ifitm3
HALLMARK_APOPTOSIS,Ifnb1
HALLMARK_APOPTOSIS,Ifngr1
HALLMARK_APOPTOSIS,Igf2r
HALLMARK_APOPTOSIS,Igfbp6
HALLMARK_APOPTOSIS,Il18
HALLMARK_APOPTOSIS,Il1a
HALLMARK_APOPTOSIS,Il1b
HALLMARK_APOPTOSIS,Il6
HALLMARK_APOPTOSIS,Irf1
HALLMARK_APOPTOSIS,Isg20
HALLMARK_APOPTOSIS,Jun
HALLMARK_APOPTOSIS,Krt18
HALLMARK_APOPTOSIS,Lef1
HALLMARK_APOPTOSIS,Lgals3
HALLMARK_APOPTOSIS,Lmna
HALLMARK_APOPTOSIS,Lum
HALLMARK_APOPTOSIS,Madd
HALLMARK_APOPTOSIS,Mcl1
HALLMARK_APOPTOSIS,Mgmt
HALLMARK_APOPTOSIS,Mmp2
HALLMARK_APOPTOSIS,Nedd9
HALLMARK_APOPTOSIS,Nefh
HALLMARK_APOPTOSIS,Pak1
HALLMARK_APOPTOSIS,Pdcd4
HALLMARK_APOPTOSIS,Pdgfrb
HALLMARK_APOPTOSIS,Pea15
HALLMARK_APOPTOSIS,Plat
HALLMARK_APOPTOSIS,Plcb2
HALLMARK_APOPTOSIS,Plppr4
HALLMARK_APOPTOSIS,Pmaip1
HALLMARK_APOPTOSIS,Ppp2r5b
HALLMARK_APOPTOSIS,Ppp3r1
HALLMARK_APOPTOSIS,Ppt1
HALLMARK_APOPTOSIS,Prf1
HALLMARK_APOPTOSIS,Psen1
HALLMARK_APOPTOSIS,Psen2
HALLMARK_APOPTOSIS,Ptk2
HALLMARK_APOPTOSIS,Rara
HALLMARK_APOPTOSIS,Rela
HALLMARK_APOPTOSIS,Retsat
HALLMARK_APOPTOSIS,Rhob
HALLMARK_APOPTOSIS,Rhot2
HALLMARK_APOPTOSIS,Rnasel
HALLMARK_APOPTOSIS,Rock1
HALLMARK_APOPTOSIS,Sat1
HALLMARK_APOPTOSIS,Satb1
HALLMARK_APOPTOSIS,Sc5d
HALLMARK_APOPTOSIS,Slc20a1
HALLMARK_APOPTOSIS,Smad7
HALLMARK_APOPTOSIS,Sod1
HALLMARK_APOPTOSIS,Sptan1
HALLMARK_APOPTOSIS,Sqstm1
HALLMARK_APOPTOSIS,Tap1
HALLMARK_APOPTOSIS,Tgfb2
HALLMARK_APOPTOSIS,Tgfbr3
HALLMARK_APOPTOSIS,Timp1
HALLMARK_APOPTOSIS,Timp2
HALLMARK_APOPTOSIS,Timp3
HALLMARK_APOPTOSIS,Tnf
HALLMARK_APOPTOSIS,Tnfrsf12a
HALLMARK_APOPTOSIS,Tnfsf10
HALLMARK_APOPTOSIS,Top2a
HALLMARK_APOPTOSIS,Tspo
HALLMARK_APOPTOSIS,Txnip
HALLMARK_APOPTOSIS,Vdac2
HALLMARK_APOPTOSIS,Wee1
HALLMARK_APOPTOSIS,Xiap
HALLMARK_REACTIVE_OXYGEN_SPECIES_PATHWAY,Abcc1
HALLMARK_REACTIVE_OXYGEN_SPECIES_PATHWAY,Atox1
HALLMARK_REACTIVE_OXYGEN_SPECIES_PATHWAY,Cat
HALLMARK_REACTIVE_OXYGEN_SPECIES_PATHWAY,Egln2
HALLMARK_REACTIVE_OXYGEN_SPECIES_PATHWAY,Ercc2
HALLMARK_REACTIVE_OXYGEN_SPECIES_PATHWAY,Fes
HALLMARK_REACTIVE_OXYGEN_SPECIES_PATHWAY,Ftl1
HALLMARK_REACTIVE_OXYGEN_SPECIES_PATHWAY,Ftl1l1
HALLMARK_REACTIVE_OXYGEN_SPECIES_PATHWAY,LOC100359668
HALLMARK_REACTIVE_OXYGEN_SPECIES_PATHWAY,G6pd
HALLMARK_REACTIVE_OXYGEN_SPECIES_PATHWAY,Gclc
HALLMARK_REACTIVE_OXYGEN_SPECIES_PATHWAY,Gclm
HALLMARK_REACTIVE_OXYGEN_SPECIES_PATHWAY,Glrx
HALLMARK_REACTIVE_OXYGEN_SPECIES_PATHWAY,Glrx2
HALLMARK_REACTIVE_OXYGEN_SPECIES_PATHWAY,Gpx3
HALLMARK_REACTIVE_OXYGEN_SPECIES_PATHWAY,Gpx4
HALLMARK_REACTIVE_OXYGEN_SPECIES_PATHWAY,Gsr
HALLMARK_REACTIVE_OXYGEN_SPECIES_PATHWAY,Hhex
HALLMARK_REACTIVE_OXYGEN_SPECIES_PATHWAY,Hmox2
HALLMARK_REACTIVE_OXYGEN_SPECIES_PATHWAY,Ipcef1
HALLMARK_REACTIVE_OXYGEN_SPECIES_PATHWAY,Junb
HALLMARK_REACTIVE_OXYGEN_SPECIES_PATHWAY,Lamtor5
HALLMARK_REACTIVE_OXYGEN_SPECIES_PATHWAY,Lsp1
HALLMARK_REACTIVE_OXYGEN_SPECIES_PATHWAY,Mbp
HALLMARK_REACTIVE_OXYGEN_SPECIES_PATHWAY,Mgst1
HALLMARK_REACTIVE_OXYGEN_SPECIES_PATHWAY,Mpo
HALLMARK_REACTIVE_OXYGEN_SPECIES_PATHWAY,Msra
HALLMARK_REACTIVE_OXYGEN_SPECIES_PATHWAY,Ndufa6
HALLMARK_REACTIVE_OXYGEN_SPECIES_PATHWAY,Ndufb4
HALLMARK_REACTIVE_OXYGEN_SPECIES_PATHWAY,Ndufb4l1
HALLMARK_REACTIVE_OXYGEN_SPECIES_PATHWAY,Ndufs2
HALLMARK_REACTIVE_OXYGEN_SPECIES_PATHWAY,Nqo1
HALLMARK_REACTIVE_OXYGEN_SPECIES_PATHWAY,Oxsr1
HALLMARK_REACTIVE_OXYGEN_SPECIES_PATHWAY,Pdlim1
HALLMARK_REACTIVE_OXYGEN_SPECIES_PATHWAY,Pfkp
HALLMARK_REACTIVE_OXYGEN_SPECIES_PATHWAY,Prdx1
HALLMARK_REACTIVE_OXYGEN_SPECIES_PATHWAY,Prdx2
HALLMARK_REACTIVE_OXYGEN_SPECIES_PATHWAY,Prdx4
HALLMARK_REACTIVE_OXYGEN_SPECIES_PATHWAY,Prdx6
HALLMARK_REACTIVE_OXYGEN_SPECIES_PATHWAY,Prnp
HALLMARK_REACTIVE_OXYGEN_SPECIES_PATHWAY,Ptpa
HALLMARK_REACTIVE_OXYGEN_SPECIES_PATHWAY,Sbno2
HALLMARK_REACTIVE_OXYGEN_SPECIES_PATHWAY,Scaf4
HALLMARK_REACTIVE_OXYGEN_SPECIES_PATHWAY,Selenos
HALLMARK_REACTIVE_OXYGEN_SPECIES_PATHWAY,Sod1
HALLMARK_REACTIVE_OXYGEN_SPECIES_PATHWAY,Srxn1
HALLMARK_REACTIVE_OXYGEN_SPECIES_PATHWAY,Stk25
HALLMARK_REACTIVE_OXYGEN_SPECIES_PATHWAY,Txn1
HALLMARK_REACTIVE_OXYGEN_SPECIES_PATHWAY,Txnrd1
HALLMARK_REACTIVE_OXYGEN_SPECIES_PATHWAY,Txnrd2
