paper_symbol,human_symbol,source_role
HMOX1,HMOX1,validated_24
SLC7A11,SLC7A11,validated_24
ASNS,ASNS,validated_24
CHAC1,CHAC1,validated_24
DDIT4,DDIT4,validated_24
TXNRD1,TXNRD1,validated_24
TMEM154,TMEM154,validated_24
SLC38A2,SLC38A2,validated_24
VLDLR,VLDLR,validated_24
OSGIN1,OSGIN1,validated_24
PCK2,PCK2,validated_24
GARS,GARS1,validated_24
PHGDH,PHGDH,validated_24
NDC80,NDC80,validated_24
SLC6A9,SLC6A9,validated_24
SPIN4,SPIN4,validated_24
CALM2,CALM2,validated_24
SLC1A5,SLC1A5,validated_24
PRR11,PRR11,validated_24
JDP2,JDP2,validated_24
ARHGEF2,ARHGEF2,validated_24
MYC,MYC,validated_24
ERMAP,ERMAP,validated_24
MT2A,MT2A,validated_24
