human_symbol,rat_symbol,support,paper_symbol,source_role
HMOX1,Hmox1,Ensembl|HomoloGene|Inparanoid|NCBI|OMA|OrthoDB|Panther|PhylomeDB|Treefam,HMOX1,validated_24
SLC7A11,Slc7a11,EggNOG|Ensembl|HomoloGene|Inparanoid|NCBI|OMA|OrthoDB|Panther|PhylomeDB|Treefam,SLC7A11,validated_24
ASNS,Asns,EggNOG|Ensembl|HomoloGene|Inparanoid|NCBI|OMA|OrthoDB|Panther|PhylomeDB|Treefam,ASNS,validated_24
CHAC1,Chac1,Ensembl|HomoloGene|Inparanoid|NCBI|OMA|Panther|PhylomeDB,CHAC1,validated_24
DDIT4,Ddit4,Ensembl|HomoloGene|Inparanoid|NCBI|OMA|OrthoDB|Panther,DDIT4,validated_24
TXNRD1,Txnrd1,EggNOG|Ensembl|HomoloGene|Inparanoid|NCBI|OMA|OrthoDB|Panther,TXNRD1,validated_24
TMEM154,Tmem154,EggNOG|Ensembl|HomoloGene|Inparanoid|NCBI|OMA|OrthoDB|Panther|Treefam,TMEM154,validated_24
SLC38A2,Slc38a2,EggNOG|Ensembl|HomoloGene|Inparanoid|NCBI|OMA|OrthoDB|Panther|PhylomeDB|Treefam,SLC38A2,validated_24
VLDLR,Vldlr,EggNOG|Ensembl|HomoloGene|Inparanoid|NCBI|OMA|OrthoDB|Panther|Treefam,VLDLR,validated_24
OSGIN1,Osgin1,EggNOG|Ensembl|HomoloGene|Inparanoid|NCBI|OMA|OrthoDB|Panther|Treefam,OSGIN1,validated_24
PCK2,Pck2,EggNOG|Ensembl|HomoloGene|Inparanoid|NCBI|OMA|OrthoDB|Panther|Treefam,PCK2,validated_24
GARS1,Gars1,EggNOG|Ensembl|HomoloGene|Inparanoid|NCBI|OMA|OrthoDB|Panther|PhylomeDB|Treefam,GARS,validated_24
PHGDH,Phgdh,Ensembl|HomoloGene|Inparanoid|NCBI|OMA|OrthoDB|Panther|PhylomeDB|Treefam,PHGDH,validated_24
NDC80,Ndc80,Ensembl|HomoloGene|Inparanoid|NCBI|OMA|OrthoDB|Panther,NDC80,validated_24
SLC6A9,Slc6a9,EggNOG|Ensembl|HomoloGene|Inparanoid|NCBI|OMA|OrthoDB|Panther|PhylomeDB,SLC6A9,validated_24
SPIN4,Spin4,Ensembl|HomoloGene|Inparanoid|NCBI,SPIN4,validated_24
CALM2,Calm1,OMA|OrthoDB|Panther,CALM2,validated_24
SLC1A5,Slc1a5,EggNOG|Ensembl|HomoloGene|Inparanoid|NCBI|OMA|OrthoDB|Panther|PhylomeDB,SLC1A5,validated_24
PRR11,Prr11,EggNOG|Ensembl|HomoloGene|Inparanoid|NCBI|OMA|OrthoDB|Panther|Treefam,PRR11,validated_24
JDP2,Jdp2,Ensembl|HomoloGene|Inparanoid|NCBI|Panther,JDP2,validated_24
ARHGEF2,Arhgef2,EggNOG|Ensembl|HomoloGene|Inparanoid|NCBI|OMA|OrthoDB|Panther|PhylomeDB|Treefam,ARHGEF2,validated_24
MYC,Myc,Ensembl|HomoloGene|Inparanoid|NCBI|OMA|OrthoDB|Panther|PhylomeDB|Treefam,MYC,validated_24
ERMAP,Ermap,EggNOG|Ensembl|HomoloGene|Inparanoid|NCBI|OMA|OrthoDB|Panther|Treefam,ERMAP,validated_24
MT2A,Mt2A,Ensembl|OMA|Panther,MT2A,validated_24
