paper_symbol,human_symbol,rat_official_symbol,dataset_gene_symbol,mapping_status,note
"HMOX1","HMOX1","Hmox1","Hmox1","automatic_checked",""
"SLC7A11","SLC7A11","Slc7a11","Slc7a11","automatic_checked",""
"ASNS","ASNS","Asns","Asns","automatic_checked",""
"CHAC1","CHAC1","Chac1","Chac1","automatic_checked",""
"DDIT4","DDIT4","Ddit4","Ddit4","automatic_checked",""
"TXNRD1","TXNRD1","Txnrd1","Txnrd1","automatic_checked",""
"TMEM154","TMEM154","Tmem154","Tmem154","automatic_checked",""
"SLC38A2","SLC38A2","Slc38a2","Slc38a2","automatic_checked",""
"VLDLR","VLDLR","Vldlr","Vldlr","automatic_checked",""
"OSGIN1","OSGIN1","Osgin1","Osgin1","automatic_checked",""
"PCK2","PCK2","Pck2","Pck2","automatic_checked",""
"GARS","GARS1","Gars1","Gars","manual_alias_reconciliation","NCBI rat official symbol is Gars1; GSE160543 annotation contains legacy Gars, so dataset symbol is locked to Gars."
"PHGDH","PHGDH","Phgdh","Phgdh","automatic_checked",""
"NDC80","NDC80","Ndc80","Ndc80","automatic_checked",""
"SLC6A9","SLC6A9","Slc6a9","Slc6a9","automatic_checked",""
"SPIN4","SPIN4","Spin4","Spin4","automatic_checked",""
"CALM2","CALM2","Calm2","Calm2","manual_ortholog_correction","babelgene top=TRUE previously selected Calm1; NCBI/Alliance identifies rat Calm2 as ortholog of human CALM2, so locked mapping uses Calm2."
"SLC1A5","SLC1A5","Slc1a5","Slc1a5","automatic_checked",""
"PRR11","PRR11","Prr11","Prr11","automatic_checked",""
"JDP2","JDP2","Jdp2","Jdp2","automatic_checked",""
"ARHGEF2","ARHGEF2","Arhgef2","Arhgef2","automatic_checked",""
"MYC","MYC","Myc","Myc","automatic_checked",""
"ERMAP","ERMAP","Ermap","Ermap","automatic_checked",""
"MT2A","MT2A","Mt2A","Mt2A","automatic_checked",""
