"sample_id","GEO_sample_id","condition","library_size","detected_genes_count_gt0","genes_count_ge10","size_factor","inclusion_status","reason"
"DRG_control_rep5","GSM8726290","control",54644942,23258,18499,0.937973117583593,"held","manual_QC_and_metadata_review_pending"
"DRG_10mg_rep5","GSM8726285","oxaliplatin",59433838,23506,18717,1.05501205657097,"held","manual_QC_and_metadata_review_pending"
"DRG_control_rep4","GSM8726289","control",59459418,23276,18505,1.03805228062825,"held","manual_QC_and_metadata_review_pending"
"DRG_10mg_rep4","GSM8726284","oxaliplatin",60984426,23661,18796,1.09334695139592,"held","manual_QC_and_metadata_review_pending"
"DRG_control_rep3","GSM8726288","control",58025851,23461,18454,0.983315526270127,"held","manual_QC_and_metadata_review_pending"
"DRG_10mg_rep3","GSM8726283","oxaliplatin",57475139,23657,18826,1.04097494337622,"held","manual_QC_and_metadata_review_pending"
"DRG_control_rep2","GSM8726287","control",52963470,23198,18394,0.942475985165775,"held","manual_QC_and_metadata_review_pending"
"DRG_10mg_rep2","GSM8726282","oxaliplatin",58273978,23514,18519,1.03183619538946,"held","manual_QC_and_metadata_review_pending"
"DRG_control_rep1","GSM8726286","control",55508905,23273,18460,0.977350187030888,"held","manual_QC_and_metadata_review_pending"
"DRG_10mg_rep1","GSM8726281","oxaliplatin",54409271,23594,18637,0.972470364517773,"held","manual_QC_and_metadata_review_pending"
