gene,program,stage,role,direction,evidence_tier,mechanistic_prior_M,mps_eligible,dsi_eligible,status,notes
SLC7A11,DPT,D1_Cystine,prerequisite_promoter,1,A+,1.00,YES,INTERACTION_ONLY,CORE,"Cystine transport; high importance for permissiveness but shared with ferroptosis biology"
SLC3A2,DPT,D1_Cystine,transporter_partner,1,B,0.50,YES,INTERACTION_ONLY,CORE,"System Xc- partner; shared biology"
G6PD,DPT,D2_Reducing,protective,-1,A+,1.00,YES,LOW,CORE,"PPP/NADPH protective capacity; inverse scoring"
TXNRD1,DPT,D2_Reducing,protective,-1,A+,1.00,YES,CANDIDATE,CORE,"Thioredoxin reductase defense; inverse scoring; anti-circularity required in TXNRD1-KO data"
PGD,DPT,D2_Reducing,protective,-1,B,0.50,EXTENDED,NO,EXTENDED,"PPP/NADPH context"
TKT,DPT,D2_Reducing,protective,-1,C,0.25,EXTENDED,NO,EXTENDED,"PPP context"
TALDO1,DPT,D2_Reducing,protective,-1,C,0.25,EXTENDED,NO,EXTENDED,"PPP context"
SLC2A1,DPT,D2_Reducing,protective,-1,B,0.50,EXTENDED,NO,EXTENDED,"Glucose uptake supporting reducing capacity"
SLC2A3,DPT,D2_Reducing,protective,-1,C,0.25,EXTENDED,NO,EXTENDED,"Glucose uptake context"
NCKAP1,DPT,D3_WRC,execution_promoter,1,A+,1.00,YES,YES,CORE,"WRC integrity; high DPT specificity candidate"
WASF2,DPT,D3_WRC,execution_promoter,1,A+,1.00,YES,YES,CORE,"WAVE2/Arp2/3 execution"
CYFIP1,DPT,D3_WRC,execution_promoter,1,A,0.80,YES,YES,CORE,"WRC component"
ABI2,DPT,D3_WRC,execution_promoter,1,A,0.80,YES,YES,CORE,"WRC component"
BRK1,DPT,D3_WRC,execution_promoter,1,A,0.80,YES,YES,CORE,"WRC component"
RAC1,DPT,D3_WRC,activity_node,0,A,0.80,NO,ANNOTATION,MECHANISTIC,"Activity is mechanistically important; mRNA is not a direct activity readout"
RPN1,DPT,Modifier,susceptibility_modifier,1,B,0.50,EXTENDED,PENDING,EXTENDED,"Screen-derived modifier; empirical utility to be tested"
ACTB,DPT,TargetAvailability,damage_substrate,0,B,0.50,NO,NO,ANNOTATION,"Protein disulfide-bonding substrate; not assumed to be an RNA activity marker"
MYH9,DPT,TargetAvailability,damage_substrate,0,B,0.50,NO,NO,ANNOTATION,"Cytoskeletal disulfide-sensitive substrate"
MYH10,DPT,TargetAvailability,damage_substrate,0,B,0.50,NO,NO,ANNOTATION,"Cytoskeletal substrate"
FLNA,DPT,TargetAvailability,damage_substrate,0,B,0.50,NO,NO,ANNOTATION,"Cytoskeletal substrate"
FLNB,DPT,TargetAvailability,damage_substrate,0,B,0.50,NO,NO,ANNOTATION,"Cytoskeletal substrate"
TLN1,DPT,TargetAvailability,damage_substrate,0,B,0.50,NO,NO,ANNOTATION,"Cytoskeletal substrate"
ACTN4,DPT,TargetAvailability,damage_substrate,0,B,0.50,NO,NO,ANNOTATION,"Cytoskeletal substrate"
IQGAP1,DPT,TargetAvailability,damage_substrate,0,B,0.50,NO,NO,ANNOTATION,"Cytoskeletal substrate"
MYL6,DPT,TargetAvailability,damage_substrate,0,B,0.50,NO,NO,ANNOTATION,"Cytoskeletal substrate"
DSTN,DPT,TargetAvailability,damage_substrate,0,B,0.50,NO,NO,ANNOTATION,"Cytoskeletal substrate"
CAPZB,DPT,TargetAvailability,damage_substrate,0,B,0.50,NO,NO,ANNOTATION,"Cytoskeletal substrate"
CD2AP,DPT,TargetAvailability,damage_substrate,0,B,0.50,NO,NO,ANNOTATION,"Cytoskeletal substrate"
PDLIM1,DPT,TargetAvailability,damage_substrate,0,B,0.50,NO,NO,ANNOTATION,"Cytoskeletal substrate"
