accession,unit,contrast_id,numerator,denominator,design_or_model,within_study_aggregation,notes
GSE108621,HT29,TSZ_vs_DMSO,TSZ,DMSO,"~ condition","three-way rescue-validated NEC support","Necroptosis induction"
GSE108621,HT29,TSZ_vs_TNF,TSZ,TNF,"~ condition","three-way rescue-validated NEC support","Controls TNF inflammatory transcription"
GSE108621,HT29,Nec1s_reversal,TSZ,"TSZ+Nec-1s","~ condition","three-way rescue-validated NEC support","Specific rescue component"
GSE172027,Human_Astrocyte,TSZ_vs_DMSO,TSZ,DMSO,"~ condition","min induction/rescue support","Human neural-lineage induction"
GSE172027,Human_Astrocyte,Nec1s_reversal,TSZ,"TSZ+Nec-1s","~ condition","min induction/rescue support","Nec-1s reversal"
GSE154230,Microglia,TSZ_vs_DMSO,TSZ,DMSO,"~ condition","aggregate routes then cell types","n=4"
GSE154230,Microglia,TSZ_Nec1s_reversal,TSZ,"TSZ+Nec-1s","~ condition","aggregate routes then cell types","n=4"
GSE154230,Microglia,TNF5z7_vs_DMSO,"TNF+5z-7",DMSO,"~ condition","aggregate routes then cell types","Alternative RIPK1-activating stimulus"
GSE154230,Microglia,TNF5z7_Nec1s_reversal,"TNF+5z-7","TNF+5z-7+Nec-1s","~ condition","aggregate routes then cell types","Alternative-route rescue"
GSE154230,Astrocyte,TSZ_vs_DMSO,TSZ,DMSO,"~ condition","aggregate cell types at study level","n=3"
GSE154230,Astrocyte,TSZ_Nec1s_reversal,TSZ,"TSZ+Nec-1s","~ condition","aggregate cell types at study level","n=3"
GSE134234,NIH3T3_RIPK3_2xFV,Dimerizer4h_vs_NT,Dimerizer_4h,NoTreatment,"~ condition","orthogonal validation only","Direct RIPK3 activation"
GSE134234,NIH3T3_RIPK3_2xFV,Dimerizer4h_vs_TNF,Dimerizer_4h,TNF_4h,"~ condition","orthogonal validation only","Separates death program from inflammatory transcription"
GSE268650,HT29_LaRIPK3,Light_vs_Dark,LaRIPK3_Light,LaRIPK3_Dark,"~ condition","orthogonal validation only","Exact sample labels locked after inspection"
GSE268650,HT29_LaRIPK3,RIPK3i_reversal,LaRIPK3_Light,"LaRIPK3_Light+RIPK3i","~ condition","orthogonal validation only","Inhibitor rescue"
GSE287439,iPSC_triculture,TSZ_vs_Control,TSZ,Control,"cell-type pseudobulk","validation per cell type","scRNA validation only"
GSE287439,iPSC_triculture,RIPK1i_reversal,TSZ,"TSZ+RIPK1i","cell-type pseudobulk","validation per cell type","scRNA validation only"
GSE182638,MM1R,RSL3_vs_Control,RSL3,Untreated,"~ condition","min induction/rescue then median cell lines","Primary FPT rescue calibration"
GSE182638,MM1R,Fer1_reversal,RSL3,"RSL3+Fer1","~ condition","min induction/rescue then median cell lines","Rescue"
GSE182638,MM1S,RSL3_vs_Control,RSL3,Untreated,"~ condition","min induction/rescue then median cell lines","Primary FPT rescue calibration"
GSE182638,MM1S,Fer1_reversal,RSL3,"RSL3+Fer1","~ condition","min induction/rescue then median cell lines","Rescue"
GSE247883,A549,RSL3_vs_DMSO,RSL3,DMSO,"~ condition","min induction/rescue support","Final analysis from SRA-derived counts"
GSE247883,A549,Fer1_reversal,RSL3,"RSL3+Fer1","~ condition","min induction/rescue support","Independent rescue replication"
GSE255459,BT549,Erastin_vs_DMSO,Erastin,DMSO,"~ condition","median inducers then cell lines","duplicates"
GSE255459,BT549,RSL3_vs_DMSO,RSL3,DMSO,"~ condition","median inducers then cell lines","duplicates"
GSE255459,HS578,Erastin_vs_DMSO,Erastin,DMSO,"~ condition","median inducers then cell lines","duplicates"
GSE255459,HS578,RSL3_vs_DMSO,RSL3,DMSO,"~ condition","median inducers then cell lines","duplicates"
GSE255459,SUM159,Erastin_vs_DMSO,Erastin,DMSO,"~ condition","median inducers then cell lines","duplicates"
GSE255459,SUM159,RSL3_vs_DMSO,RSL3,DMSO,"~ condition","median inducers then cell lines","duplicates"
GSE319384,PANC1,Erastin_vs_DMSO,Erastin,DMSO,"~ condition","held-out multi-inducer validation","3 replicates"
GSE319384,PANC1,RSL3_vs_DMSO,RSL3,DMSO,"~ condition","held-out multi-inducer validation","3 replicates"
GSE319384,PANC1,Ferroptocide_vs_DMSO,Ferroptocide,DMSO,"~ condition","held-out multi-inducer validation","3 replicates"
GSE319384,PANC1_TP53KO,Erastin_vs_DMSO,Erastin,DMSO,"~ condition","held-out multi-inducer validation","3 replicates"
GSE319384,PANC1_TP53KO,RSL3_vs_DMSO,RSL3,DMSO,"~ condition","held-out multi-inducer validation","3 replicates"
GSE319384,PANC1_TP53KO,Ferroptocide_vs_DMSO,Ferroptocide,DMSO,"~ condition","held-out multi-inducer validation","3 replicates"
GSE287284,N2a_neuron,RSL3_vs_DMSO,RSL3,DMSO,"~ condition","neural validation only","Reprocess raw SRA to counts"
GSE152988,iPSC_neuron,PSAPKO_vs_WT,PSAPKO,WT,"~ genotype","human neural validation only","PSAP excluded from self-validation"
GSE104664,HUVEC,H2O2_16h_vs_Control,H2O2_16h,Control,"~ condition","median time contrasts","generic oxidative-stress mimicry"
GSE104664,HUVEC,H2O2_36h_vs_Control,H2O2_36h,Control,"~ condition","median time contrasts","generic oxidative-stress mimicry"
