accession,program,organism,model,design,replicates,data_level,final_analysis_readiness,proposed_role,evidence_notes,status
GSE108621,NEC,Homo sapiens,HT-29,"DMSO; TNF; TSZ; TSZ+Nec-1s",3 per group,"processed DE tables; raw SRA available",RAW_REPROCESS_REQUIRED,"Primary rescue- and inflammation-controlled necroptosis calibration","Use TSZ induction, TSZ-vs-TNF specificity, and Nec-1s reversal",VERIFIED
GSE172027,NEC,Homo sapiens,Primary human astrocytes,"DMSO; Nec-1s; TSZ; TSZ+Nec-1s",3 per group,"normalized log2 matrix; raw SRA available",RAW_REPROCESS_REQUIRED,"Independent human neural-lineage rescue replication","Induction plus Nec-1s reversal; Nec-1s-alone is a control",VERIFIED
GSE154230,NEC,Mus musculus,"Microglia; astrocytes","DMSO/Nec-1s/TSZ +/- Nec-1s; additional TNF/5z-7 arm in microglia",4 microglia; 3 astrocytes,"normalized log matrices; raw SRA available",RAW_REPROCESS_REQUIRED,"Neuroimmune robustness and route replication","Analyze cell types separately; ortholog mapping after DE",VERIFIED
GSE134234,NEC,Mus musculus,NIH-3T3 RIPK3-2xFV,"Direct RIPK3 dimerization time course; TNF inflammatory control",2 per condition,"RPKM/processed workbook; raw SRA available",ORTHOGONAL_VALIDATION,"RIPK3-direct orthogonal validation","Use 4h dimerizer vs untreated and vs TNF; time course supports trajectory analysis",VERIFIED
GSE268650,NEC,Homo sapiens,HT-29 La-RIPK3,"Optogenetic RIPK3 oligomerization with light/dark and RIPK3-inhibitor controls",3 per principal condition,"normalized log2 counts and DE tables; raw SRA available",ORTHOGONAL_VALIDATION,"Human optogenetic orthogonal validation","Use light-vs-dark, inhibitor reversal, and WT light controls after metadata QC",VERIFIED
GSE287439,NEC,Homo sapiens,"iPSC neuron-astrocyte-microglia tri-culture","TSZ-induced necroptosis +/- RIPK1 inhibitor; single-cell RNA-seq",10 samples,"10x H5/scRNA data",SCRNA_VALIDATION,"Cell-type-specific human neural validation","Validation only; score neurons, astrocytes and microglia separately",VERIFIED
GSE182638,FPT,Homo sapiens,"MM1R; MM1S","Untreated; RSL3; RSL3+Ferrostatin-1",3 per condition/cell line,"raw read-count matrix supplementary",READY_COUNTS,"Primary rescue-validated ferroptosis calibration","Analyze cell lines separately, require induction plus Fer-1 reversal",VERIFIED
GSE247883,FPT,Homo sapiens,A549,"DMSO; RSL3; RSL3+Ferrostatin-1; 24h",3 per group,"FPKM supplementary; raw SRA available",RAW_REPROCESS_REQUIRED,"Independent rescue-validated ferroptosis replication","Final calibration from reprocessed counts",VERIFIED
GSE255459,FPT,Homo sapiens,"BT549; HS578; SUM159","DMSO; Erastin; RSL3",2 per condition/cell line,"raw count matrices supplementary",READY_COUNTS,"Cross-inducer ferroptosis consensus","Aggregate inducer evidence within cell line then across cell lines",VERIFIED
GSE319384,FPT,Homo sapiens,"PANC-1; PANC-1 TP53-KO","DMSO; Erastin; RSL3; Ferroptocide",3 per condition/genotype,"raw unnormalized gene-count matrix",READY_COUNTS,"Orthogonal multi-inducer external validation","Use as held-out robustness dataset initially",VERIFIED
GSE287284,FPT,Mus musculus,RA-differentiated N2a neurons,"DMSO; RSL3",3 per group,"FPKM supplementary; raw SRA available",RAW_REPROCESS_REQUIRED,"Neuronal ferroptosis validation","Neuropathic-pain-relevant neural lineage; validation rather than primary calibration",VERIFIED
GSE152988,FPT,Homo sapiens,iPSC-derived neurons,"WT vs PSAP-KO neuronal ferroptosis model",3 per genotype for 3-prime RNA-seq,"processed DE table; raw SRA available",HUMAN_NEURAL_VALIDATION,"Human neuronal genetic robustness","PSAP cannot self-validate; use only as external genetic model",VERIFIED
GSE104664,GENERIC_STRESS,Homo sapiens,HUVEC,"Untreated; H2O2 16h; H2O2 36h",3 per group,"raw gene-count matrix supplementary",READY_COUNTS,"Primary generic oxidative-stress specificity penalty","Aggregate 16h and 36h same-direction mimicry within study",VERIFIED
