input,sha256
config/GSE286387_step05b_input.json,52783eac19046944519ed2e65965bbcb64aae8cc6ffb6efc787ddd6ca9c5aa53
docs/audits/ubuntu_catalogue_2026-10-09/SUCCESS.txt,ea85e2cf31582c684dae12dba581a1a92836ea6b25ecc08c4fc9ff330940ecf6
docs/audits/ubuntu_catalogue_2026-10-09/catalogue_report.md,a0c36e9934f27e302eed8e6ff235c5af4265e3b9652576c58f91fe9c38c0e84b
docs/audits/ubuntu_catalogue_2026-10-09/input_checksums.csv,9b6606be7784cd43e069c105af4ce4ab5d7c8e25a24b284c37f0274c03d593c4
docs/audits/ubuntu_catalogue_2026-10-09/protein_structure_inventory.csv,663f0535fcca9d45fb65d8b8bb5c0ddb65b200a201f75e5f53c1f35711b84187
docs/audits/ubuntu_catalogue_2026-10-09/source_manifest.csv,d6a0a310df8617a56fab429fa3be8556f7feab12af5d5b45bacd20dcf8b39580
docs/audits/ubuntu_catalogue_2026-10-09/step_audit.csv,3d984e61ed85ebfa402ef1c7299dedab9cebc6e366c56d3cacece03c4b1ec1d4
docs/audits/ubuntu_catalogue_2026-10-09/structure_candidates.csv,8028a792f189157b96870dd7ba531b97a5c6628d3fffd1b9b883c8cc1a9964df
docs/audits/ubuntu_catalogue_2026-10-09/summary.json,c7b7f824880b0520097fa23b59feef82541d94f2ee3619e1be8d7c122417ae6b
docs/audits/ubuntu_catalogue_2026-10-09/snapshot_checksums.sha256,dfc116cb7baf282466a1192b14bb3a854cefe0b61969d20d8c1292e0ab47e8d0
config/GSE286387_step05_input.json,cca4756fb6dd3ce5cf7c8fca1b8ad16acff9e78ef27257c7d89dbe19c18c265a
config/GSE286387_step04_input.json,35f178c7fb4d6d0ec9400faff3f8f379741440a0f65fda2df944c11862c044e9
config/analysis_parameters.json,2520ba74d0470cff39f2477fad193eef607804e8d555c33f2df2969e62e5a6f0
docs/audits/ubuntu_cysteine_2026-10-09/SUCCESS.txt,ecf9f43f71a156aaccbbc8fe3b06690e77931dbffd37e1eeb4a632ddbc47db78
docs/audits/ubuntu_cysteine_2026-10-09/cysteine_inventory.csv,86cd74f289028d3eff96debc592811ccb4d54438b84ac54c47394153043933ae
docs/audits/ubuntu_cysteine_2026-10-09/cysteine_positive_sequences.fasta,f174572ae025ddbedf438c2828117efd49a89c0030631be5949cc783793e1296
docs/audits/ubuntu_cysteine_2026-10-09/gene_step_audit.csv,e4195747346ea8c7462f42d6d4896fddd44a67c497c44b38894507fc0fdd89d0
docs/audits/ubuntu_cysteine_2026-10-09/input_checksums.csv,df8b2b21faa0439084bd44e8b547c8525b3e38a53a304ad2a72ce108c9cce296
docs/audits/ubuntu_cysteine_2026-10-09/inventory_report.md,6326f35c806ebf9f52d91f9a4119d773fc94bb26c055dd89001c560cfaa0fa33
docs/audits/ubuntu_cysteine_2026-10-09/protein_inventory.csv,bcac76ab08cad6dc647f5a711baa9a89551dbeaa3aeb0fd7700708b315975797
docs/audits/ubuntu_cysteine_2026-10-09/snapshot_checksums.sha256,70cc257e913689155412d59c6f3666a700e8d54260dcadfb81b79833912f2a32
docs/audits/ubuntu_cysteine_2026-10-09/step_audit.csv,4420395cb73d0045a60c98e2d034409a868af67eebdd2929ce8b9a6ec273bf82
docs/audits/ubuntu_cysteine_2026-10-09/summary.json,9f552e7e10d53a942192d453c11246d167a6dac550353b2b5abba57e0cf8fc48
scripts/04_inventory_GSE286387.py,2fcc6891b0d6916cd95b8b83d5ead57543169b09cd80ff8e2d7980c63ff10068
config/GSE286387_step03_input.json,87a038a6c64c93df004e40d7d31707ddbb665942436f8ad72c573b83ae1afe99
docs/audits/ubuntu_DE_2026-10-08/significant_protein_coding_degs.csv,c9bf672d38f877361b3132065884d3a02e3132bcbf9901656b9f2cb04fdf3130
docs/audits/ubuntu_mapping_2026-10-09/SUCCESS.txt,eebf44019b060f23672d36c657d3dac061c8c3bd07a837ad883e5627d2cf7943
docs/audits/ubuntu_mapping_2026-10-09/canonical_sequences.fasta,4c76c0d473e9ada52ed3da9a4aeb0d90f135f05c5e6d4d234812b47964c6887b
docs/audits/ubuntu_mapping_2026-10-09/gene_protein_mapping.csv,577cee55cc8cb359db971bdfdd58ab3d3970fc7d1dff00affcd4a785c3c6e2a8
docs/audits/ubuntu_mapping_2026-10-09/input_checksums.csv,b7cccc1904035a1aced5b9b0b411461cba656af559fdc7d5bccaf4459d37e0a3
docs/audits/ubuntu_mapping_2026-10-09/mapping_candidates.csv,10f5e8d41f892d79fa1a2992f2c31a737861d3391313c37e3fb98ab057208361
docs/audits/ubuntu_mapping_2026-10-09/mapping_report.md,845199d1fef5f55e9da6d7577c3ad1a33456ea8e0cfc7019cdd46b1963efe3a7
docs/audits/ubuntu_mapping_2026-10-09/snapshot_checksums.sha256,4def07b694b8e6421cfc560d0b7a3db01d124b9f7568288762541527b5a7d032
docs/audits/ubuntu_mapping_2026-10-09/source_manifest.csv,4fe783b93803d48e23df9747d59cc4893933f553c27fd1146434e1ed095a2eb4
docs/audits/ubuntu_mapping_2026-10-09/step_audit.csv,d0c2524db40a58413d200261a83ace8b50ddd599d116b7c9bcfc6cdc2c329aa1
docs/audits/ubuntu_mapping_2026-10-09/summary.json,9b1a0614d4d145d5ad4f93673f1a4b9d3f9d866a81f82d3224c3e44811b3a75e
docs/audits/ubuntu_resolution_2026-10-09/SUCCESS.txt,d2bbf1439223a35e01b748e3d961bb5e5462a5e254a48f21e1be974f25f0c07f
docs/audits/ubuntu_resolution_2026-10-09/canonical_sequences.fasta,2230cdb4929aa8ec678e140fd0ce7e2e53ca9d9cf3d3f242f718cbacc698212f
docs/audits/ubuntu_resolution_2026-10-09/gene_centric_evidence.csv,20a74b7f5c3b24d2c08b03931aabb90762fb44f234c96a008b3a7f7bf3d49d78
docs/audits/ubuntu_resolution_2026-10-09/gene_protein_mapping.csv,407237315ec47f7d0814b4f173d2d105d41b16ad0a337f8156a5981d7cecee0e
docs/audits/ubuntu_resolution_2026-10-09/input_checksums.csv,108132a182da3a79c7270566324637d20cf5749d2dd350c59ac62e1ce033cd24
docs/audits/ubuntu_resolution_2026-10-09/resolution_report.md,e5b0528028f9b3a16668f03fe4ad02656004904679145b02b7b681d8d19c883e
docs/audits/ubuntu_resolution_2026-10-09/snapshot_checksums.sha256,abecdc32180f5817e72db1f1c77d6e48d805f867721a095b0cb4d1b29453afc6
docs/audits/ubuntu_resolution_2026-10-09/source_manifest.csv,e8a60afa76f7febcc1721cb13d0a8586395b2aea5adec444cd775aa5a73179cc
docs/audits/ubuntu_resolution_2026-10-09/step_audit.csv,637c02fbe8a419464436d5296312458d3a3cc323dc727db5a9657ba3da0906f0
docs/audits/ubuntu_resolution_2026-10-09/summary.json,57f59ebcef06cd334483c1db9b5e0d7ec56e45afda8f2d5cb2a72fd98a44b92b
scripts/03_map_GSE286387.py,80a52bdb094b5120f63095bb2392fd2c14d6dde6103b78d94328d559aaf24fb3
scripts/03b_resolve_GSE286387.py,cf1ad6b9e75e4fb92a54d77bf5ab31ea25c8848387aeecc4fff751fc60703805
references/step05a_metadata_2026-10-09/reference.json,0de5454b24ff45329aa79b06c09e22e70b7a29b7ba8853126d7c48a007b46c3d
references/step05a_metadata_2026-10-09/api_responses.tar.gz,f486decef5424cfe215a523d0df3e64dfe0171646401d573f484985f7743a2e3
docs/audits/Structure_catalogue_validation/source_manifest.csv,d6a0a310df8617a56fab429fa3be8556f7feab12af5d5b45bacd20dcf8b39580
scripts/05a_catalogue_GSE286387.py,41a7e54b95a21f0310cbcbc0475ebdc110a9f1fceac5c459d18955da7598e872
scripts/05b1_download_GSE286387.py,40120f7ccf7292f4ac91db62ba2b68cec72e063b0080d29918ccfb9c450b192c
