signature,mouse_gene_symbol,gs_id,gs_source_species,db_version,num_ortholog_sources
GOBP_FERROPTOSIS,Acly,M46862,HS,2026.1.Hs,11
GOBP_FERROPTOSIS,Acsl4,M46862,HS,2026.1.Hs,11
GOBP_FERROPTOSIS,Adgrg1,M46862,HS,2026.1.Hs,12
GOBP_FERROPTOSIS,Aifm2,M46862,HS,2026.1.Hs,12
GOBP_FERROPTOSIS,Aldh7a1,M46862,HS,2026.1.Hs,12
GOBP_FERROPTOSIS,Camk2a,M46862,HS,2026.1.Hs,11
GOBP_FERROPTOSIS,Dhcr7,M46862,HS,2026.1.Hs,12
GOBP_FERROPTOSIS,Egln3,M46862,HS,2026.1.Hs,11
GOBP_FERROPTOSIS,Fth1,M46862,HS,2026.1.Hs,10
GOBP_FERROPTOSIS,Gpx4,M46862,HS,2026.1.Hs,11
GOBP_FERROPTOSIS,Gstp1,M46862,HS,2026.1.Hs,10
GOBP_FERROPTOSIS,Gstp2,M46862,HS,2026.1.Hs,10
GOBP_FERROPTOSIS,Hdac3,M46862,HS,2026.1.Hs,12
GOBP_FERROPTOSIS,Hmox1,M46862,HS,2026.1.Hs,11
GOBP_FERROPTOSIS,Hspa8,M46862,HS,2026.1.Hs,12
GOBP_FERROPTOSIS,Kat2b,M46862,HS,2026.1.Hs,12
GOBP_FERROPTOSIS,Lamp2,M46862,HS,2026.1.Hs,11
GOBP_FERROPTOSIS,Nfe2l2,M46862,HS,2026.1.Hs,11
GOBP_FERROPTOSIS,Ninj1,M46862,HS,2026.1.Hs,12
GOBP_FERROPTOSIS,Nqo1,M46862,HS,2026.1.Hs,12
GOBP_FERROPTOSIS,Pck2,M46862,HS,2026.1.Hs,12
GOBP_FERROPTOSIS,Prkaa1,M46862,HS,2026.1.Hs,11
GOBP_FERROPTOSIS,Prkcb,M46862,HS,2026.1.Hs,10
GOBP_FERROPTOSIS,Psat1,M46862,HS,2026.1.Hs,12
GOBP_FERROPTOSIS,Sc5d,M46862,HS,2026.1.Hs,11
GOBP_FERROPTOSIS,Slc25a1,M46862,HS,2026.1.Hs,11
GOBP_FERROPTOSIS,Slc39a7,M46862,HS,2026.1.Hs,12
GOBP_FERROPTOSIS,Slc7a11,M46862,HS,2026.1.Hs,12
GOBP_FERROPTOSIS,Smurf2,M46862,HS,2026.1.Hs,12
GOBP_FERROPTOSIS,Sqstm1,M46862,HS,2026.1.Hs,12
GOBP_FERROPTOSIS,Tmem164,M46862,HS,2026.1.Hs,11
HALLMARK_APOPTOSIS,Add1,M5902,HS,2026.1.Hs,12
HALLMARK_APOPTOSIS,Aifm3,M5902,HS,2026.1.Hs,12
HALLMARK_APOPTOSIS,Ank,M5902,HS,2026.1.Hs,12
HALLMARK_APOPTOSIS,Anxa1,M5902,HS,2026.1.Hs,12
HALLMARK_APOPTOSIS,App,M5902,HS,2026.1.Hs,12
HALLMARK_APOPTOSIS,Atf3,M5902,HS,2026.1.Hs,12
HALLMARK_APOPTOSIS,Avpr1a,M5902,HS,2026.1.Hs,12
HALLMARK_APOPTOSIS,Bax,M5902,HS,2026.1.Hs,11
HALLMARK_APOPTOSIS,Bcap31,M5902,HS,2026.1.Hs,11
HALLMARK_APOPTOSIS,Bcl10,M5902,HS,2026.1.Hs,10
HALLMARK_APOPTOSIS,Bcl2l1,M5902,HS,2026.1.Hs,11
HALLMARK_APOPTOSIS,Bcl2l10,M5902,HS,2026.1.Hs,9
HALLMARK_APOPTOSIS,Bcl2l11,M5902,HS,2026.1.Hs,12
HALLMARK_APOPTOSIS,Bcl2l2,M5902,HS,2026.1.Hs,9
HALLMARK_APOPTOSIS,Bgn,M5902,HS,2026.1.Hs,12
HALLMARK_APOPTOSIS,Bid,M5902,HS,2026.1.Hs,12
HALLMARK_APOPTOSIS,Bik,M5902,HS,2026.1.Hs,11
HALLMARK_APOPTOSIS,Birc3,M5902,HS,2026.1.Hs,11
HALLMARK_APOPTOSIS,Bmf,M5902,HS,2026.1.Hs,12
HALLMARK_APOPTOSIS,Bmp2,M5902,HS,2026.1.Hs,11
HALLMARK_APOPTOSIS,Bnip3l,M5902,HS,2026.1.Hs,12
HALLMARK_APOPTOSIS,Brca1,M5902,HS,2026.1.Hs,11
HALLMARK_APOPTOSIS,Btg2,M5902,HS,2026.1.Hs,12
HALLMARK_APOPTOSIS,Btg3,M5902,HS,2026.1.Hs,11
HALLMARK_APOPTOSIS,Casp1,M5902,HS,2026.1.Hs,11
HALLMARK_APOPTOSIS,Casp2,M5902,HS,2026.1.Hs,12
HALLMARK_APOPTOSIS,Casp3,M5902,HS,2026.1.Hs,12
HALLMARK_APOPTOSIS,Casp4,M5902,HS,2026.1.Hs,8
HALLMARK_APOPTOSIS,Casp6,M5902,HS,2026.1.Hs,12
HALLMARK_APOPTOSIS,Casp7,M5902,HS,2026.1.Hs,12
HALLMARK_APOPTOSIS,Casp8,M5902,HS,2026.1.Hs,12
HALLMARK_APOPTOSIS,Casp9,M5902,HS,2026.1.Hs,12
HALLMARK_APOPTOSIS,Cav1,M5902,HS,2026.1.Hs,11
HALLMARK_APOPTOSIS,Ccna1,M5902,HS,2026.1.Hs,12
HALLMARK_APOPTOSIS,Ccnd1,M5902,HS,2026.1.Hs,12
HALLMARK_APOPTOSIS,Ccnd2,M5902,HS,2026.1.Hs,12
HALLMARK_APOPTOSIS,Cd14,M5902,HS,2026.1.Hs,11
HALLMARK_APOPTOSIS,Cd2,M5902,HS,2026.1.Hs,12
HALLMARK_APOPTOSIS,Cd38,M5902,HS,2026.1.Hs,12
HALLMARK_APOPTOSIS,Cd44,M5902,HS,2026.1.Hs,12
HALLMARK_APOPTOSIS,Cd69,M5902,HS,2026.1.Hs,12
HALLMARK_APOPTOSIS,Cdc25b,M5902,HS,2026.1.Hs,12
HALLMARK_APOPTOSIS,Cdk2,M5902,HS,2026.1.Hs,12
HALLMARK_APOPTOSIS,Cdkn1a,M5902,HS,2026.1.Hs,12
HALLMARK_APOPTOSIS,Cdkn1b,M5902,HS,2026.1.Hs,11
HALLMARK_APOPTOSIS,Cflar,M5902,HS,2026.1.Hs,11
HALLMARK_APOPTOSIS,Clu,M5902,HS,2026.1.Hs,12
HALLMARK_APOPTOSIS,Crebbp,M5902,HS,2026.1.Hs,11
HALLMARK_APOPTOSIS,Cth,M5902,HS,2026.1.Hs,12
HALLMARK_APOPTOSIS,Ctnnb1,M5902,HS,2026.1.Hs,12
HALLMARK_APOPTOSIS,Cyld,M5902,HS,2026.1.Hs,12
HALLMARK_APOPTOSIS,Dap,M5902,HS,2026.1.Hs,10
HALLMARK_APOPTOSIS,Dap3,M5902,HS,2026.1.Hs,12
HALLMARK_APOPTOSIS,Dcn,M5902,HS,2026.1.Hs,12
HALLMARK_APOPTOSIS,Ddit3,M5902,HS,2026.1.Hs,6
HALLMARK_APOPTOSIS,Dffa,M5902,HS,2026.1.Hs,11
HALLMARK_APOPTOSIS,Diablo,M5902,HS,2026.1.Hs,12
HALLMARK_APOPTOSIS,Dnaja1,M5902,HS,2026.1.Hs,12
HALLMARK_APOPTOSIS,Dnajc3,M5902,HS,2026.1.Hs,12
HALLMARK_APOPTOSIS,Dnm1l,M5902,HS,2026.1.Hs,12
HALLMARK_APOPTOSIS,Dpyd,M5902,HS,2026.1.Hs,12
HALLMARK_APOPTOSIS,Ebp,M5902,HS,2026.1.Hs,12
HALLMARK_APOPTOSIS,Egr3,M5902,HS,2026.1.Hs,11
HALLMARK_APOPTOSIS,Emp1,M5902,HS,2026.1.Hs,12
HALLMARK_APOPTOSIS,Eno2,M5902,HS,2026.1.Hs,12
HALLMARK_APOPTOSIS,Erbb2,M5902,HS,2026.1.Hs,12
HALLMARK_APOPTOSIS,Erbb3,M5902,HS,2026.1.Hs,12
HALLMARK_APOPTOSIS,Ereg,M5902,HS,2026.1.Hs,12
HALLMARK_APOPTOSIS,Etf1,M5902,HS,2026.1.Hs,12
HALLMARK_APOPTOSIS,F2,M5902,HS,2026.1.Hs,12
HALLMARK_APOPTOSIS,F2r,M5902,HS,2026.1.Hs,12
HALLMARK_APOPTOSIS,Fas,M5902,HS,2026.1.Hs,11
HALLMARK_APOPTOSIS,Fasl,M5902,HS,2026.1.Hs,11
HALLMARK_APOPTOSIS,Fdxr,M5902,HS,2026.1.Hs,10
HALLMARK_APOPTOSIS,Fez1,M5902,HS,2026.1.Hs,10
HALLMARK_APOPTOSIS,Gadd45a,M5902,HS,2026.1.Hs,12
HALLMARK_APOPTOSIS,Gadd45b,M5902,HS,2026.1.Hs,12
HALLMARK_APOPTOSIS,Gch1,M5902,HS,2026.1.Hs,12
HALLMARK_APOPTOSIS,Gna15,M5902,HS,2026.1.Hs,12
HALLMARK_APOPTOSIS,Gpx1,M5902,HS,2026.1.Hs,12
HALLMARK_APOPTOSIS,Gpx3,M5902,HS,2026.1.Hs,12
HALLMARK_APOPTOSIS,Gpx4,M5902,HS,2026.1.Hs,11
HALLMARK_APOPTOSIS,Gsn,M5902,HS,2026.1.Hs,12
HALLMARK_APOPTOSIS,Gsr,M5902,HS,2026.1.Hs,12
HALLMARK_APOPTOSIS,Gstm2,M5902,HS,2026.1.Hs,8
HALLMARK_APOPTOSIS,Gucy2e,M5902,HS,2026.1.Hs,11
HALLMARK_APOPTOSIS,H1f0,M5902,HS,2026.1.Hs,12
HALLMARK_APOPTOSIS,Hgf,M5902,HS,2026.1.Hs,12
HALLMARK_APOPTOSIS,Hmgb2,M5902,HS,2026.1.Hs,11
HALLMARK_APOPTOSIS,Hmox1,M5902,HS,2026.1.Hs,11
HALLMARK_APOPTOSIS,Hspb1,M5902,HS,2026.1.Hs,12
HALLMARK_APOPTOSIS,Ier3,M5902,HS,2026.1.Hs,12
HALLMARK_APOPTOSIS,Ifitm3,M5902,HS,2026.1.Hs,8
HALLMARK_APOPTOSIS,Ifnb1,M5902,HS,2026.1.Hs,12
HALLMARK_APOPTOSIS,Ifngr1,M5902,HS,2026.1.Hs,11
HALLMARK_APOPTOSIS,Igf2r,M5902,HS,2026.1.Hs,12
HALLMARK_APOPTOSIS,Igfbp6,M5902,HS,2026.1.Hs,11
HALLMARK_APOPTOSIS,Il18,M5902,HS,2026.1.Hs,11
HALLMARK_APOPTOSIS,Il1a,M5902,HS,2026.1.Hs,12
HALLMARK_APOPTOSIS,Il1b,M5902,HS,2026.1.Hs,12
HALLMARK_APOPTOSIS,Il6,M5902,HS,2026.1.Hs,10
HALLMARK_APOPTOSIS,Irf1,M5902,HS,2026.1.Hs,11
HALLMARK_APOPTOSIS,Isg20,M5902,HS,2026.1.Hs,12
HALLMARK_APOPTOSIS,Jun,M5902,HS,2026.1.Hs,12
HALLMARK_APOPTOSIS,Krt18,M5902,HS,2026.1.Hs,12
HALLMARK_APOPTOSIS,Lef1,M5902,HS,2026.1.Hs,12
HALLMARK_APOPTOSIS,Lgals3,M5902,HS,2026.1.Hs,11
HALLMARK_APOPTOSIS,Lmna,M5902,HS,2026.1.Hs,12
HALLMARK_APOPTOSIS,Lum,M5902,HS,2026.1.Hs,12
HALLMARK_APOPTOSIS,Madd,M5902,HS,2026.1.Hs,11
HALLMARK_APOPTOSIS,Mcl1,M5902,HS,2026.1.Hs,12
HALLMARK_APOPTOSIS,Mgmt,M5902,HS,2026.1.Hs,12
HALLMARK_APOPTOSIS,Mmp2,M5902,HS,2026.1.Hs,12
HALLMARK_APOPTOSIS,Nedd9,M5902,HS,2026.1.Hs,12
HALLMARK_APOPTOSIS,Nefh,M5902,HS,2026.1.Hs,12
HALLMARK_APOPTOSIS,Pak1,M5902,HS,2026.1.Hs,12
HALLMARK_APOPTOSIS,Pdcd4,M5902,HS,2026.1.Hs,12
HALLMARK_APOPTOSIS,Pdgfrb,M5902,HS,2026.1.Hs,12
HALLMARK_APOPTOSIS,Pea15a,M5902,HS,2026.1.Hs,12
HALLMARK_APOPTOSIS,Plat,M5902,HS,2026.1.Hs,12
HALLMARK_APOPTOSIS,Plcb2,M5902,HS,2026.1.Hs,12
HALLMARK_APOPTOSIS,Plppr4,M5902,HS,2026.1.Hs,12
HALLMARK_APOPTOSIS,Pmaip1,M5902,HS,2026.1.Hs,6
HALLMARK_APOPTOSIS,Ppp2r5b,M5902,HS,2026.1.Hs,12
HALLMARK_APOPTOSIS,Ppp3r1,M5902,HS,2026.1.Hs,12
HALLMARK_APOPTOSIS,Ppt1,M5902,HS,2026.1.Hs,10
HALLMARK_APOPTOSIS,Prf1,M5902,HS,2026.1.Hs,12
HALLMARK_APOPTOSIS,Psen1,M5902,HS,2026.1.Hs,12
HALLMARK_APOPTOSIS,Psen2,M5902,HS,2026.1.Hs,12
HALLMARK_APOPTOSIS,Ptk2,M5902,HS,2026.1.Hs,12
HALLMARK_APOPTOSIS,Rara,M5902,HS,2026.1.Hs,12
HALLMARK_APOPTOSIS,Rela,M5902,HS,2026.1.Hs,12
HALLMARK_APOPTOSIS,Retsat,M5902,HS,2026.1.Hs,11
HALLMARK_APOPTOSIS,Rhob,M5902,HS,2026.1.Hs,12
HALLMARK_APOPTOSIS,Rhot2,M5902,HS,2026.1.Hs,12
HALLMARK_APOPTOSIS,Rnasel,M5902,HS,2026.1.Hs,12
HALLMARK_APOPTOSIS,Rock1,M5902,HS,2026.1.Hs,12
HALLMARK_APOPTOSIS,Sat1,M5902,HS,2026.1.Hs,11
HALLMARK_APOPTOSIS,Satb1,M5902,HS,2026.1.Hs,11
HALLMARK_APOPTOSIS,Sc5d,M5902,HS,2026.1.Hs,11
HALLMARK_APOPTOSIS,Slc20a1,M5902,HS,2026.1.Hs,12
HALLMARK_APOPTOSIS,Smad7,M5902,HS,2026.1.Hs,12
HALLMARK_APOPTOSIS,Sod1,M5902,HS,2026.1.Hs,12
HALLMARK_APOPTOSIS,Sptan1,M5902,HS,2026.1.Hs,11
HALLMARK_APOPTOSIS,Sqstm1,M5902,HS,2026.1.Hs,12
HALLMARK_APOPTOSIS,Tap1,M5902,HS,2026.1.Hs,12
HALLMARK_APOPTOSIS,Tgfb2,M5902,HS,2026.1.Hs,10
HALLMARK_APOPTOSIS,Tgfbr3,M5902,HS,2026.1.Hs,12
HALLMARK_APOPTOSIS,Timp1,M5902,HS,2026.1.Hs,11
HALLMARK_APOPTOSIS,Timp2,M5902,HS,2026.1.Hs,12
HALLMARK_APOPTOSIS,Timp3,M5902,HS,2026.1.Hs,11
HALLMARK_APOPTOSIS,Tnf,M5902,HS,2026.1.Hs,12
HALLMARK_APOPTOSIS,Tnfrsf12a,M5902,HS,2026.1.Hs,10
HALLMARK_APOPTOSIS,Tnfsf10,M5902,HS,2026.1.Hs,12
HALLMARK_APOPTOSIS,Top2a,M5902,HS,2026.1.Hs,11
HALLMARK_APOPTOSIS,Tspo,M5902,HS,2026.1.Hs,11
HALLMARK_APOPTOSIS,Txnip,M5902,HS,2026.1.Hs,11
HALLMARK_APOPTOSIS,Vdac2,M5902,HS,2026.1.Hs,12
HALLMARK_APOPTOSIS,Wee1,M5902,HS,2026.1.Hs,12
HALLMARK_APOPTOSIS,Xiap,M5902,HS,2026.1.Hs,10
HALLMARK_REACTIVE_OXYGEN_SPECIES_PATHWAY,Abcc1,M5938,HS,2026.1.Hs,12
HALLMARK_REACTIVE_OXYGEN_SPECIES_PATHWAY,Atox1,M5938,HS,2026.1.Hs,11
HALLMARK_REACTIVE_OXYGEN_SPECIES_PATHWAY,Cat,M5938,HS,2026.1.Hs,11
HALLMARK_REACTIVE_OXYGEN_SPECIES_PATHWAY,Cdkn2d,M5938,HS,2026.1.Hs,10
HALLMARK_REACTIVE_OXYGEN_SPECIES_PATHWAY,Egln2,M5938,HS,2026.1.Hs,12
HALLMARK_REACTIVE_OXYGEN_SPECIES_PATHWAY,Ercc2,M5938,HS,2026.1.Hs,11
HALLMARK_REACTIVE_OXYGEN_SPECIES_PATHWAY,Fes,M5938,HS,2026.1.Hs,12
HALLMARK_REACTIVE_OXYGEN_SPECIES_PATHWAY,Ftl1,M5938,HS,2026.1.Hs,10
HALLMARK_REACTIVE_OXYGEN_SPECIES_PATHWAY,G6pdx,M5938,HS,2026.1.Hs,11
HALLMARK_REACTIVE_OXYGEN_SPECIES_PATHWAY,Gclc,M5938,HS,2026.1.Hs,10
HALLMARK_REACTIVE_OXYGEN_SPECIES_PATHWAY,Gclm,M5938,HS,2026.1.Hs,12
HALLMARK_REACTIVE_OXYGEN_SPECIES_PATHWAY,Glrx,M5938,HS,2026.1.Hs,12
HALLMARK_REACTIVE_OXYGEN_SPECIES_PATHWAY,Glrx2,M5938,HS,2026.1.Hs,10
HALLMARK_REACTIVE_OXYGEN_SPECIES_PATHWAY,Gpx3,M5938,HS,2026.1.Hs,12
HALLMARK_REACTIVE_OXYGEN_SPECIES_PATHWAY,Gpx4,M5938,HS,2026.1.Hs,11
HALLMARK_REACTIVE_OXYGEN_SPECIES_PATHWAY,Gsr,M5938,HS,2026.1.Hs,12
HALLMARK_REACTIVE_OXYGEN_SPECIES_PATHWAY,Hhex,M5938,HS,2026.1.Hs,11
HALLMARK_REACTIVE_OXYGEN_SPECIES_PATHWAY,Hmox2,M5938,HS,2026.1.Hs,12
HALLMARK_REACTIVE_OXYGEN_SPECIES_PATHWAY,Ipcef1,M5938,HS,2026.1.Hs,10
HALLMARK_REACTIVE_OXYGEN_SPECIES_PATHWAY,Junb,M5938,HS,2026.1.Hs,11
HALLMARK_REACTIVE_OXYGEN_SPECIES_PATHWAY,Lamtor5,M5938,HS,2026.1.Hs,12
HALLMARK_REACTIVE_OXYGEN_SPECIES_PATHWAY,Lsp1,M5938,HS,2026.1.Hs,12
HALLMARK_REACTIVE_OXYGEN_SPECIES_PATHWAY,Mbp,M5938,HS,2026.1.Hs,12
HALLMARK_REACTIVE_OXYGEN_SPECIES_PATHWAY,Mgst1,M5938,HS,2026.1.Hs,11
HALLMARK_REACTIVE_OXYGEN_SPECIES_PATHWAY,Mpo,M5938,HS,2026.1.Hs,11
HALLMARK_REACTIVE_OXYGEN_SPECIES_PATHWAY,Msra,M5938,HS,2026.1.Hs,12
HALLMARK_REACTIVE_OXYGEN_SPECIES_PATHWAY,Ndufa6,M5938,HS,2026.1.Hs,12
HALLMARK_REACTIVE_OXYGEN_SPECIES_PATHWAY,Ndufb4,M5938,HS,2026.1.Hs,12
HALLMARK_REACTIVE_OXYGEN_SPECIES_PATHWAY,Ndufs2,M5938,HS,2026.1.Hs,12
HALLMARK_REACTIVE_OXYGEN_SPECIES_PATHWAY,Nqo1,M5938,HS,2026.1.Hs,12
HALLMARK_REACTIVE_OXYGEN_SPECIES_PATHWAY,Oxsr1,M5938,HS,2026.1.Hs,12
HALLMARK_REACTIVE_OXYGEN_SPECIES_PATHWAY,Pdlim1,M5938,HS,2026.1.Hs,12
HALLMARK_REACTIVE_OXYGEN_SPECIES_PATHWAY,Pfkp,M5938,HS,2026.1.Hs,11
HALLMARK_REACTIVE_OXYGEN_SPECIES_PATHWAY,Prdx1,M5938,HS,2026.1.Hs,12
HALLMARK_REACTIVE_OXYGEN_SPECIES_PATHWAY,Prdx2,M5938,HS,2026.1.Hs,11
HALLMARK_REACTIVE_OXYGEN_SPECIES_PATHWAY,Prdx4,M5938,HS,2026.1.Hs,12
HALLMARK_REACTIVE_OXYGEN_SPECIES_PATHWAY,Prdx6,M5938,HS,2026.1.Hs,10
HALLMARK_REACTIVE_OXYGEN_SPECIES_PATHWAY,Prnp,M5938,HS,2026.1.Hs,11
HALLMARK_REACTIVE_OXYGEN_SPECIES_PATHWAY,Ptpa,M5938,HS,2026.1.Hs,11
HALLMARK_REACTIVE_OXYGEN_SPECIES_PATHWAY,Sbno2,M5938,HS,2026.1.Hs,12
HALLMARK_REACTIVE_OXYGEN_SPECIES_PATHWAY,Scaf4,M5938,HS,2026.1.Hs,12
HALLMARK_REACTIVE_OXYGEN_SPECIES_PATHWAY,Selenos,M5938,HS,2026.1.Hs,12
HALLMARK_REACTIVE_OXYGEN_SPECIES_PATHWAY,Sod1,M5938,HS,2026.1.Hs,12
HALLMARK_REACTIVE_OXYGEN_SPECIES_PATHWAY,Srxn1,M5938,HS,2026.1.Hs,12
HALLMARK_REACTIVE_OXYGEN_SPECIES_PATHWAY,Stk25,M5938,HS,2026.1.Hs,11
HALLMARK_REACTIVE_OXYGEN_SPECIES_PATHWAY,Txn1,M5938,HS,2026.1.Hs,11
HALLMARK_REACTIVE_OXYGEN_SPECIES_PATHWAY,Txnrd1,M5938,HS,2026.1.Hs,12
HALLMARK_REACTIVE_OXYGEN_SPECIES_PATHWAY,Txnrd2,M5938,HS,2026.1.Hs,11
WP_FERROPTOSIS,Acsl1,M39768,HS,2026.1.Hs,11
WP_FERROPTOSIS,Acsl3,M39768,HS,2026.1.Hs,11
WP_FERROPTOSIS,Acsl4,M39768,HS,2026.1.Hs,11
WP_FERROPTOSIS,Acsl5,M39768,HS,2026.1.Hs,12
WP_FERROPTOSIS,Acsl6,M39768,HS,2026.1.Hs,10
WP_FERROPTOSIS,Aifm2,M39768,HS,2026.1.Hs,12
WP_FERROPTOSIS,Akr1c20,M39768,HS,2026.1.Hs,6
WP_FERROPTOSIS,Akr1c6,M39768,HS,2026.1.Hs,5
WP_FERROPTOSIS,Akr1c18,M39768,HS,2026.1.Hs,5
WP_FERROPTOSIS,Alox15,M39768,HS,2026.1.Hs,11
WP_FERROPTOSIS,Atg5,M39768,HS,2026.1.Hs,11
WP_FERROPTOSIS,Atg7,M39768,HS,2026.1.Hs,12
WP_FERROPTOSIS,Bach1,M39768,HS,2026.1.Hs,12
WP_FERROPTOSIS,Cbs,M39768,HS,2026.1.Hs,11
WP_FERROPTOSIS,Chmp5,M39768,HS,2026.1.Hs,12
WP_FERROPTOSIS,Chmp6,M39768,HS,2026.1.Hs,12
WP_FERROPTOSIS,Cisd1,M39768,HS,2026.1.Hs,12
WP_FERROPTOSIS,Coq2,M39768,HS,2026.1.Hs,10
WP_FERROPTOSIS,Cp,M39768,HS,2026.1.Hs,12
WP_FERROPTOSIS,Cth,M39768,HS,2026.1.Hs,12
WP_FERROPTOSIS,Cybb,M39768,HS,2026.1.Hs,12
WP_FERROPTOSIS,Dpp4,M39768,HS,2026.1.Hs,12
WP_FERROPTOSIS,Fdft1,M39768,HS,2026.1.Hs,11
WP_FERROPTOSIS,Fth1,M39768,HS,2026.1.Hs,10
WP_FERROPTOSIS,Ftl1,M39768,HS,2026.1.Hs,10
WP_FERROPTOSIS,Ftmt,M39768,HS,2026.1.Hs,11
WP_FERROPTOSIS,Gch1,M39768,HS,2026.1.Hs,12
WP_FERROPTOSIS,Gclc,M39768,HS,2026.1.Hs,10
WP_FERROPTOSIS,Gclm,M39768,HS,2026.1.Hs,12
WP_FERROPTOSIS,Gpx4,M39768,HS,2026.1.Hs,11
WP_FERROPTOSIS,Gss,M39768,HS,2026.1.Hs,10
WP_FERROPTOSIS,Hmgcr,M39768,HS,2026.1.Hs,11
WP_FERROPTOSIS,Hmox1,M39768,HS,2026.1.Hs,11
WP_FERROPTOSIS,Hspb1,M39768,HS,2026.1.Hs,12
WP_FERROPTOSIS,Ireb2,M39768,HS,2026.1.Hs,11
WP_FERROPTOSIS,Lpcat3,M39768,HS,2026.1.Hs,12
WP_FERROPTOSIS,Map1lc3a,M39768,HS,2026.1.Hs,12
WP_FERROPTOSIS,Map1lc3b,M39768,HS,2026.1.Hs,8
WP_FERROPTOSIS,Ncoa4,M39768,HS,2026.1.Hs,10
WP_FERROPTOSIS,Nox1,M39768,HS,2026.1.Hs,12
WP_FERROPTOSIS,Nox4,M39768,HS,2026.1.Hs,12
WP_FERROPTOSIS,Pcbp1,M39768,HS,2026.1.Hs,12
WP_FERROPTOSIS,Pcbp2,M39768,HS,2026.1.Hs,11
WP_FERROPTOSIS,Phkg2,M39768,HS,2026.1.Hs,11
WP_FERROPTOSIS,Por,M39768,HS,2026.1.Hs,12
WP_FERROPTOSIS,Prnp,M39768,HS,2026.1.Hs,11
WP_FERROPTOSIS,Sat1,M39768,HS,2026.1.Hs,11
WP_FERROPTOSIS,Sat2,M39768,HS,2026.1.Hs,10
WP_FERROPTOSIS,Slc11a2,M39768,HS,2026.1.Hs,12
WP_FERROPTOSIS,Slc1a5,M39768,HS,2026.1.Hs,11
WP_FERROPTOSIS,Slc38a1,M39768,HS,2026.1.Hs,12
WP_FERROPTOSIS,Slc39a14,M39768,HS,2026.1.Hs,12
WP_FERROPTOSIS,Slc39a8,M39768,HS,2026.1.Hs,12
WP_FERROPTOSIS,Slc3a2,M39768,HS,2026.1.Hs,12
WP_FERROPTOSIS,Slc40a1,M39768,HS,2026.1.Hs,12
WP_FERROPTOSIS,Slc7a11,M39768,HS,2026.1.Hs,12
WP_FERROPTOSIS,Steap3,M39768,HS,2026.1.Hs,12
WP_FERROPTOSIS,Trf,M39768,HS,2026.1.Hs,11
WP_FERROPTOSIS,Tfrc,M39768,HS,2026.1.Hs,12
WP_FERROPTOSIS,Trp53,M39768,HS,2026.1.Hs,12
WP_FERROPTOSIS,Txnrd1,M39768,HS,2026.1.Hs,12
WP_FERROPTOSIS,Vdac2,M39768,HS,2026.1.Hs,12
WP_FERROPTOSIS,Vdac3,M39768,HS,2026.1.Hs,11
