paper_symbol,human_symbol,mouse_symbol,mapping_status,note
HMOX1,HMOX1,Hmox1,manual_locked,canonical mouse ortholog
SLC7A11,SLC7A11,Slc7a11,manual_locked,canonical mouse ortholog
ASNS,ASNS,Asns,manual_locked,canonical mouse ortholog
CHAC1,CHAC1,Chac1,manual_locked,canonical mouse ortholog
DDIT4,DDIT4,Ddit4,manual_locked,canonical mouse ortholog
TXNRD1,TXNRD1,Txnrd1,manual_locked,canonical mouse ortholog
TMEM154,TMEM154,Tmem154,manual_locked,canonical mouse ortholog
SLC38A2,SLC38A2,Slc38a2,manual_locked,canonical mouse ortholog
VLDLR,VLDLR,Vldlr,manual_locked,canonical mouse ortholog
OSGIN1,OSGIN1,Osgin1,manual_locked,canonical mouse ortholog
PCK2,PCK2,Pck2,manual_locked,canonical mouse ortholog
GARS,GARS1,Gars1,manual_locked,current human symbol GARS1
PHGDH,PHGDH,Phgdh,manual_locked,canonical mouse ortholog
NDC80,NDC80,Ndc80,manual_locked,canonical mouse ortholog
SLC6A9,SLC6A9,Slc6a9,manual_locked,canonical mouse ortholog
SPIN4,SPIN4,Spin4,manual_locked,canonical mouse ortholog
CALM2,CALM2,Calm2,manual_locked,gene-specific ortholog retained
SLC1A5,SLC1A5,Slc1a5,manual_locked,canonical mouse ortholog
PRR11,PRR11,Prr11,manual_locked,canonical mouse ortholog
JDP2,JDP2,Jdp2,manual_locked,canonical mouse ortholog
ARHGEF2,ARHGEF2,Arhgef2,manual_locked,canonical mouse ortholog
MYC,MYC,Myc,manual_locked,canonical mouse ortholog
ERMAP,ERMAP,Ermap,manual_locked,canonical mouse ortholog
MT2A,MT2A,Mt2,manual_locked,mouse ortholog symbol differs from human MT2A
