"sample_id","GEO_sample_id","condition","animal_or_pool_id","biological_unit","species","tissue","strain","dose","route","collection_time","sex","age","batch","inclusion_status","reason","study_level_source","SRA_relation","protocol_version","analyst_unit_id","animal_id_evidence","pooling_evidence"
"DRG_control_rep5","GSM8726290","control",NA,"one_mouse_supported_by_10_mouse_study_design","Mus musculus","bilateral_lumbar_DRG_L1_L6","C57BL/6","0 mg/kg","intraperitoneal","within_one_week_after_experiments_exact_last_dose_interval_unknown","male","8_to_10_weeks_at_purchase_collection_age_not_reported",NA,"pass","accepted_public_study_design_and_QC_no_exclusion_evidence","GEO_series_summary_and_overall_design","SRA: https://www.ncbi.nlm.nih.gov/sra?term=SRX27311431","0.1.0","RNA_GSM8726290","original_animal_ID_not_reported","indexed_library_pooling_reported_cross_animal_tissue_pooling_not_reported"
"DRG_10mg_rep5","GSM8726285","oxaliplatin",NA,"one_mouse_supported_by_10_mouse_study_design","Mus musculus","bilateral_lumbar_DRG_L1_L6","C57BL/6","10 mg/kg","intraperitoneal","within_one_week_after_experiments_exact_last_dose_interval_unknown","male","8_to_10_weeks_at_purchase_collection_age_not_reported",NA,"pass","accepted_public_study_design_and_QC_no_exclusion_evidence","GEO_series_summary_and_overall_design","SRA: https://www.ncbi.nlm.nih.gov/sra?term=SRX27311426","0.1.0","RNA_GSM8726285","original_animal_ID_not_reported","indexed_library_pooling_reported_cross_animal_tissue_pooling_not_reported"
"DRG_control_rep4","GSM8726289","control",NA,"one_mouse_supported_by_10_mouse_study_design","Mus musculus","bilateral_lumbar_DRG_L1_L6","C57BL/6","0 mg/kg","intraperitoneal","within_one_week_after_experiments_exact_last_dose_interval_unknown","male","8_to_10_weeks_at_purchase_collection_age_not_reported",NA,"pass","accepted_public_study_design_and_QC_no_exclusion_evidence","GEO_series_summary_and_overall_design","SRA: https://www.ncbi.nlm.nih.gov/sra?term=SRX27311430","0.1.0","RNA_GSM8726289","original_animal_ID_not_reported","indexed_library_pooling_reported_cross_animal_tissue_pooling_not_reported"
"DRG_10mg_rep4","GSM8726284","oxaliplatin",NA,"one_mouse_supported_by_10_mouse_study_design","Mus musculus","bilateral_lumbar_DRG_L1_L6","C57BL/6","10 mg/kg","intraperitoneal","within_one_week_after_experiments_exact_last_dose_interval_unknown","male","8_to_10_weeks_at_purchase_collection_age_not_reported",NA,"pass","accepted_public_study_design_and_QC_no_exclusion_evidence","GEO_series_summary_and_overall_design","SRA: https://www.ncbi.nlm.nih.gov/sra?term=SRX27311425","0.1.0","RNA_GSM8726284","original_animal_ID_not_reported","indexed_library_pooling_reported_cross_animal_tissue_pooling_not_reported"
"DRG_control_rep3","GSM8726288","control",NA,"one_mouse_supported_by_10_mouse_study_design","Mus musculus","bilateral_lumbar_DRG_L1_L6","C57BL/6","0 mg/kg","intraperitoneal","within_one_week_after_experiments_exact_last_dose_interval_unknown","male","8_to_10_weeks_at_purchase_collection_age_not_reported",NA,"pass","accepted_public_study_design_and_QC_no_exclusion_evidence","GEO_series_summary_and_overall_design","SRA: https://www.ncbi.nlm.nih.gov/sra?term=SRX27311429","0.1.0","RNA_GSM8726288","original_animal_ID_not_reported","indexed_library_pooling_reported_cross_animal_tissue_pooling_not_reported"
"DRG_10mg_rep3","GSM8726283","oxaliplatin",NA,"one_mouse_supported_by_10_mouse_study_design","Mus musculus","bilateral_lumbar_DRG_L1_L6","C57BL/6","10 mg/kg","intraperitoneal","within_one_week_after_experiments_exact_last_dose_interval_unknown","male","8_to_10_weeks_at_purchase_collection_age_not_reported",NA,"pass","accepted_public_study_design_and_QC_no_exclusion_evidence","GEO_series_summary_and_overall_design","SRA: https://www.ncbi.nlm.nih.gov/sra?term=SRX27311424","0.1.0","RNA_GSM8726283","original_animal_ID_not_reported","indexed_library_pooling_reported_cross_animal_tissue_pooling_not_reported"
"DRG_control_rep2","GSM8726287","control",NA,"one_mouse_supported_by_10_mouse_study_design","Mus musculus","bilateral_lumbar_DRG_L1_L6","C57BL/6","0 mg/kg","intraperitoneal","within_one_week_after_experiments_exact_last_dose_interval_unknown","male","8_to_10_weeks_at_purchase_collection_age_not_reported",NA,"pass","accepted_public_study_design_and_QC_no_exclusion_evidence","GEO_series_summary_and_overall_design","SRA: https://www.ncbi.nlm.nih.gov/sra?term=SRX27311428","0.1.0","RNA_GSM8726287","original_animal_ID_not_reported","indexed_library_pooling_reported_cross_animal_tissue_pooling_not_reported"
"DRG_10mg_rep2","GSM8726282","oxaliplatin",NA,"one_mouse_supported_by_10_mouse_study_design","Mus musculus","bilateral_lumbar_DRG_L1_L6","C57BL/6","10 mg/kg","intraperitoneal","within_one_week_after_experiments_exact_last_dose_interval_unknown","male","8_to_10_weeks_at_purchase_collection_age_not_reported",NA,"pass","accepted_public_study_design_and_QC_no_exclusion_evidence","GEO_series_summary_and_overall_design","SRA: https://www.ncbi.nlm.nih.gov/sra?term=SRX27311423","0.1.0","RNA_GSM8726282","original_animal_ID_not_reported","indexed_library_pooling_reported_cross_animal_tissue_pooling_not_reported"
"DRG_control_rep1","GSM8726286","control",NA,"one_mouse_supported_by_10_mouse_study_design","Mus musculus","bilateral_lumbar_DRG_L1_L6","C57BL/6","0 mg/kg","intraperitoneal","within_one_week_after_experiments_exact_last_dose_interval_unknown","male","8_to_10_weeks_at_purchase_collection_age_not_reported",NA,"pass","accepted_public_study_design_and_QC_no_exclusion_evidence","GEO_series_summary_and_overall_design","SRA: https://www.ncbi.nlm.nih.gov/sra?term=SRX27311427","0.1.0","RNA_GSM8726286","original_animal_ID_not_reported","indexed_library_pooling_reported_cross_animal_tissue_pooling_not_reported"
"DRG_10mg_rep1","GSM8726281","oxaliplatin",NA,"one_mouse_supported_by_10_mouse_study_design","Mus musculus","bilateral_lumbar_DRG_L1_L6","C57BL/6","10 mg/kg","intraperitoneal","within_one_week_after_experiments_exact_last_dose_interval_unknown","male","8_to_10_weeks_at_purchase_collection_age_not_reported",NA,"pass","accepted_public_study_design_and_QC_no_exclusion_evidence","GEO_series_summary_and_overall_design","SRA: https://www.ncbi.nlm.nih.gov/sra?term=SRX27311422","0.1.0","RNA_GSM8726281","original_animal_ID_not_reported","indexed_library_pooling_reported_cross_animal_tissue_pooling_not_reported"
